[{"model": "admin.logentry", "pk": 1, "fields": {"action_time": "2025-05-20T17:08:32.713Z", "user": 1, "content_type": 4, "object_id": "2", "object_repr": "afh_admon", "action_flag": 1, "change_message": "[{\"added\": {}}]"}}, {"model": "admin.logentry", "pk": 2, "fields": {"action_time": "2025-05-20T17:09:01.143Z", "user": 1, "content_type": 4, "object_id": "2", "object_repr": "afh_admon", "action_flag": 2, "change_message": "[{\"changed\": {\"fields\": [\"First name\", \"Last name\", \"Email address\"]}}]"}}, {"model": "admin.logentry", "pk": 3, "fields": {"action_time": "2025-05-20T17:10:03.378Z", "user": 1, "content_type": 4, "object_id": "3", "object_repr": "admin_2", "action_flag": 1, "change_message": "[{\"added\": {}}]"}}, {"model": "admin.logentry", "pk": 4, "fields": {"action_time": "2025-05-20T17:10:39.228Z", "user": 1, "content_type": 4, "object_id": "3", "object_repr": "admin_2", "action_flag": 2, "change_message": "[{\"changed\": {\"fields\": [\"First name\", \"Last name\", \"Email address\"]}}]"}}, {"model": "admin.logentry", "pk": 5, "fields": {"action_time": "2025-05-20T17:11:22.381Z", "user": 1, "content_type": 4, "object_id": "4", "object_repr": "user_normie", "action_flag": 1, "change_message": "[{\"added\": {}}]"}}, {"model": "admin.logentry", "pk": 6, "fields": {"action_time": "2025-05-20T17:11:35.059Z", "user": 1, "content_type": 4, "object_id": "4", "object_repr": "user_normie", "action_flag": 2, "change_message": "[{\"changed\": {\"fields\": [\"First name\"]}}]"}}, {"model": "admin.logentry", "pk": 7, "fields": {"action_time": "2025-05-20T17:12:01.638Z", "user": 1, "content_type": 4, "object_id": "4", "object_repr": "user_normie", "action_flag": 2, "change_message": "[{\"changed\": {\"fields\": [\"First name\", \"Last name\", \"Email address\"]}}]"}}, {"model": "admin.logentry", "pk": 8, "fields": {"action_time": "2025-05-20T17:12:14.720Z", "user": 1, "content_type": 9, "object_id": "1", "object_repr": "afh_admon", "action_flag": 1, "change_message": "[{\"added\": {}}]"}}, {"model": "admin.logentry", "pk": 9, "fields": {"action_time": "2025-05-20T17:12:26.858Z", "user": 1, "content_type": 9, "object_id": "2", "object_repr": "afh_admon_felipe", "action_flag": 1, "change_message": "[{\"added\": {}}]"}}, {"model": "admin.logentry", "pk": 10, "fields": {"action_time": "2025-05-20T17:12:37.719Z", "user": 1, "content_type": 9, "object_id": "3", "object_repr": "user_normie", "action_flag": 1, "change_message": "[{\"added\": {}}]"}}, {"model": "admin.logentry", "pk": 11, "fields": {"action_time": "2025-05-20T17:15:15.878Z", "user": 1, "content_type": 9, "object_id": "4", "object_repr": "admin_2", "action_flag": 1, "change_message": "[{\"added\": {}}]"}}, {"model": "admin.logentry", "pk": 12, "fields": {"action_time": "2025-05-23T17:51:01.657Z", "user": 1, "content_type": 4, "object_id": "3", "object_repr": "admin_2", "action_flag": 2, "change_message": "[{\"changed\": {\"fields\": [\"Email address\"]}}]"}}, {"model": "admin.logentry", "pk": 13, "fields": {"action_time": "2025-06-12T21:47:53.115Z", "user": 5, "content_type": 4, "object_id": "1", "object_repr": "afh_admon_felipe", "action_flag": 2, "change_message": "[{\"changed\": {\"fields\": [\"First name\", \"Last name\"]}}]"}}, {"model": "admin.logentry", "pk": 14, "fields": {"action_time": "2025-06-12T21:49:11.737Z", "user": 5, "content_type": 11, "object_id": "4", "object_repr": "argentina", "action_flag": 3, "change_message": ""}}, {"model": "auth.permission", "pk": 1, "fields": {"name": "Can add log entry", "content_type": 1, "codename": "add_logentry"}}, {"model": "auth.permission", "pk": 2, "fields": {"name": "Can change log entry", "content_type": 1, "codename": "change_logentry"}}, {"model": "auth.permission", "pk": 3, "fields": {"name": "Can delete log entry", "content_type": 1, "codename": "delete_logentry"}}, {"model": "auth.permission", "pk": 4, "fields": {"name": "Can view log entry", "content_type": 1, "codename": "view_logentry"}}, {"model": "auth.permission", "pk": 5, "fields": {"name": "Can add permission", "content_type": 2, "codename": "add_permission"}}, {"model": "auth.permission", "pk": 6, "fields": {"name": "Can change permission", "content_type": 2, "codename": "change_permission"}}, {"model": "auth.permission", "pk": 7, "fields": {"name": "Can delete permission", "content_type": 2, "codename": "delete_permission"}}, {"model": "auth.permission", "pk": 8, "fields": {"name": "Can view permission", "content_type": 2, "codename": "view_permission"}}, {"model": "auth.permission", "pk": 9, "fields": {"name": "Can add group", "content_type": 3, "codename": "add_group"}}, {"model": "auth.permission", "pk": 10, "fields": {"name": "Can change group", "content_type": 3, "codename": "change_group"}}, {"model": "auth.permission", "pk": 11, "fields": {"name": "Can delete group", "content_type": 3, "codename": "delete_group"}}, {"model": "auth.permission", "pk": 12, "fields": {"name": "Can view group", "content_type": 3, "codename": "view_group"}}, {"model": "auth.permission", "pk": 13, "fields": {"name": "Can add user", "content_type": 4, "codename": "add_user"}}, {"model": "auth.permission", "pk": 14, "fields": {"name": "Can change user", "content_type": 4, "codename": "change_user"}}, {"model": "auth.permission", "pk": 15, "fields": {"name": "Can delete user", "content_type": 4, "codename": "delete_user"}}, {"model": "auth.permission", "pk": 16, "fields": {"name": "Can view user", "content_type": 4, "codename": "view_user"}}, {"model": "auth.permission", "pk": 17, "fields": {"name": "Can add content type", "content_type": 5, "codename": "add_contenttype"}}, {"model": "auth.permission", "pk": 18, "fields": {"name": "Can change content type", "content_type": 5, "codename": "change_contenttype"}}, {"model": "auth.permission", "pk": 19, "fields": {"name": "Can delete content type", "content_type": 5, "codename": "delete_contenttype"}}, {"model": "auth.permission", "pk": 20, "fields": {"name": "Can view content type", "content_type": 5, "codename": "view_contenttype"}}, {"model": "auth.permission", "pk": 21, "fields": {"name": "Can add session", "content_type": 6, "codename": "add_session"}}, {"model": "auth.permission", "pk": 22, "fields": {"name": "Can change session", "content_type": 6, "codename": "change_session"}}, {"model": "auth.permission", "pk": 23, "fields": {"name": "Can delete session", "content_type": 6, "codename": "delete_session"}}, {"model": "auth.permission", "pk": 24, "fields": {"name": "Can view session", "content_type": 6, "codename": "view_session"}}, {"model": "auth.permission", "pk": 25, "fields": {"name": "Can add Token", "content_type": 7, "codename": "add_token"}}, {"model": "auth.permission", "pk": 26, "fields": {"name": "Can change Token", "content_type": 7, "codename": "change_token"}}, {"model": "auth.permission", "pk": 27, "fields": {"name": "Can delete Token", "content_type": 7, "codename": "delete_token"}}, {"model": "auth.permission", "pk": 28, "fields": {"name": "Can view Token", "content_type": 7, "codename": "view_token"}}, {"model": "auth.permission", "pk": 29, "fields": {"name": "Can add Token", "content_type": 8, "codename": "add_tokenproxy"}}, {"model": "auth.permission", "pk": 30, "fields": {"name": "Can change Token", "content_type": 8, "codename": "change_tokenproxy"}}, {"model": "auth.permission", "pk": 31, "fields": {"name": "Can delete Token", "content_type": 8, "codename": "delete_tokenproxy"}}, {"model": "auth.permission", "pk": 32, "fields": {"name": "Can view Token", "content_type": 8, "codename": "view_tokenproxy"}}, {"model": "auth.permission", "pk": 33, "fields": {"name": "Can add users", "content_type": 9, "codename": "add_users"}}, {"model": "auth.permission", "pk": 34, "fields": {"name": "Can change users", "content_type": 9, "codename": "change_users"}}, {"model": "auth.permission", "pk": 35, "fields": {"name": "Can delete users", "content_type": 9, "codename": "delete_users"}}, {"model": "auth.permission", "pk": 36, "fields": {"name": "Can view users", "content_type": 9, "codename": "view_users"}}, {"model": "auth.permission", "pk": 37, "fields": {"name": "Can add tool", "content_type": 10, "codename": "add_tool"}}, {"model": "auth.permission", "pk": 38, "fields": {"name": "Can change tool", "content_type": 10, "codename": "change_tool"}}, {"model": "auth.permission", "pk": 39, "fields": {"name": "Can delete tool", "content_type": 10, "codename": "delete_tool"}}, {"model": "auth.permission", "pk": 40, "fields": {"name": "Can view tool", "content_type": 10, "codename": "view_tool"}}, {"model": "auth.permission", "pk": 41, "fields": {"name": "Can add ticket", "content_type": 11, "codename": "add_ticket"}}, {"model": "auth.permission", "pk": 42, "fields": {"name": "Can change ticket", "content_type": 11, "codename": "change_ticket"}}, {"model": "auth.permission", "pk": 43, "fields": {"name": "Can delete ticket", "content_type": 11, "codename": "delete_ticket"}}, {"model": "auth.permission", "pk": 44, "fields": {"name": "Can view ticket", "content_type": 11, "codename": "view_ticket"}}, {"model": "auth.permission", "pk": 45, "fields": {"name": "Can add password reset code", "content_type": 12, "codename": "add_passwordresetcode"}}, {"model": "auth.permission", "pk": 46, "fields": {"name": "Can change password reset code", "content_type": 12, "codename": "change_passwordresetcode"}}, {"model": "auth.permission", "pk": 47, "fields": {"name": "Can delete password reset code", "content_type": 12, "codename": "delete_passwordresetcode"}}, {"model": "auth.permission", "pk": 48, "fields": {"name": "Can view password reset code", "content_type": 12, "codename": "view_passwordresetcode"}}, {"model": "auth.user", "pk": 1, "fields": {"password": "pbkdf2_sha256$870000$jzQFGE63pVGg3g7c0WhHt0$5YEuGw33tpGHWayzw1hnIuIuw086hVigwebNEj2CVLk=", "last_login": "2025-05-23T17:49:59Z", "is_superuser": true, "username": "afh_admon_felipe", "first_name": "sebastian", "last_name": "Hernandez", "email": "sebastianscarpetta19@gmail.com", "is_staff": true, "is_active": true, "date_joined": "2025-05-20T17:04:52Z", "groups": [], "user_permissions": []}}, {"model": "auth.user", "pk": 2, "fields": {"password": "pbkdf2_sha256$870000$Oeqd9DztqSpL6zo0DX1oCk$uJ+593kCIcMCJ9TMNpnk4Qfax2+bE0ChBWXBkQlxUMA=", "last_login": null, "is_superuser": false, "username": "afh_admon", "first_name": "Andres", "last_name": "Felipe", "email": "a.hernandez@afhmetalmecanico.com", "is_staff": false, "is_active": true, "date_joined": "2025-05-20T17:08:30Z", "groups": [], "user_permissions": []}}, {"model": "auth.user", "pk": 3, "fields": {"password": "pbkdf2_sha256$870000$JuoiTrWraCCFKh8ji477x6$2FOapZ8i5DdUlLqCpzEqo+6PjcAeWSGeQn5EpscLWCw=", "last_login": null, "is_superuser": false, "username": "admin_2", "first_name": "Lina", "last_name": "Sanchez", "email": "asistenteadm@afhmetalmecanico.com", "is_staff": false, "is_active": true, "date_joined": "2025-05-20T17:10:00Z", "groups": [], "user_permissions": []}}, {"model": "auth.user", "pk": 4, "fields": {"password": "pbkdf2_sha256$870000$kS820u0tOT7rcqopyEbR98$GLG0qyxra1bkzU49NPUxQ+5KMiadr1/H/IzEbwknJlg=", "last_login": null, "is_superuser": false, "username": "user_normie", "first_name": "Omar", "last_name": "Hernandez", "email": "compras@afhmetalmecanico.com", "is_staff": false, "is_active": true, "date_joined": "2025-05-20T17:11:20Z", "groups": [], "user_permissions": []}}, {"model": "auth.user", "pk": 5, "fields": {"password": "pbkdf2_sha256$870000$dlmmrahx9bHYoi834X1Kvv$1hNv/sZHEYU/pwkbHFV2Gx25twFrPOF9taZFcTy5khY=", "last_login": "2025-06-12T21:46:13.965Z", "is_superuser": true, "username": "afhAdmin", "first_name": "", "last_name": "", "email": "afh@gmail.com", "is_staff": true, "is_active": true, "date_joined": "2025-06-12T21:45:52.047Z", "groups": [], "user_permissions": []}}, {"model": "contenttypes.contenttype", "pk": 1, "fields": {"app_label": "admin", "model": "logentry"}}, {"model": "contenttypes.contenttype", "pk": 2, "fields": {"app_label": "auth", "model": "permission"}}, {"model": "contenttypes.contenttype", "pk": 3, "fields": {"app_label": "auth", "model": "group"}}, {"model": "contenttypes.contenttype", "pk": 4, "fields": {"app_label": "auth", "model": "user"}}, {"model": "contenttypes.contenttype", "pk": 5, "fields": {"app_label": "contenttypes", "model": "contenttype"}}, {"model": "contenttypes.contenttype", "pk": 6, "fields": {"app_label": "sessions", "model": "session"}}, {"model": "contenttypes.contenttype", "pk": 7, "fields": {"app_label": "authtoken", "model": "token"}}, {"model": "contenttypes.contenttype", "pk": 8, "fields": {"app_label": "authtoken", "model": "tokenproxy"}}, {"model": "contenttypes.contenttype", "pk": 9, "fields": {"app_label": "users", "model": "users"}}, {"model": "contenttypes.contenttype", "pk": 10, "fields": {"app_label": "tool", "model": "tool"}}, {"model": "contenttypes.contenttype", "pk": 11, "fields": {"app_label": "ticket", "model": "ticket"}}, {"model": "contenttypes.contenttype", "pk": 12, "fields": {"app_label": "passwordresetcode", "model": "passwordresetcode"}}, {"model": "sessions.session", "pk": "7hdangvi1abx1qboifzkupsbol9x25im", "fields": {"session_data": ".eJxVjEEOwiAQRe_C2pDCMNC6dO8ZCDMDUjVtUtqV8e7apAvd_vfef6mYtrXGreUljqLOCtXpd6PEjzztQO5pus2a52ldRtK7og_a9HWW_Lwc7t9BTa1-69LZ3g7OiOsGLEjEBRgtegBvHBEAMUsgz6UvHMAKcEByiMGIIafeH9rqN8w:1uPpkT:C2vGbo45LYKOpLvM1P_8V08M-iAVmsjwm4Gb73vWu-A", "expire_date": "2025-06-26T21:46:13.997Z"}}, {"model": "authtoken.token", "pk": "5a845e6d291e1cc6b6323cfa8a430fdebe68bb8b", "fields": {"user": 3, "created": "2025-05-24T12:24:12.212Z"}}, {"model": "authtoken.token", "pk": "6873a001c15725eddd026e2555a827a2e99da637", "fields": {"user": 1, "created": "2025-06-18T16:26:05.955Z"}}, {"model": "authtoken.token", "pk": "78b0d420a1dac676029dff9ba16aa5713c42ea22", "fields": {"user": 2, "created": "2025-05-26T21:29:15.255Z"}}, {"model": "users.users", "pk": 1, "fields": {"user": 2, "role": 1}}, {"model": "users.users", "pk": 2, "fields": {"user": 1, "role": 1}}, {"model": "users.users", "pk": 3, "fields": {"user": 4, "role": 2}}, {"model": "users.users", "pk": 4, "fields": {"user": 3, "role": 1}}, {"model": "tool.tool", "pk": 1, "fields": {"name": "taladro percutor pequeño ", "code": "TPP-1", "state": 1, "image": "https://res.cloudinary.com/dp4tvthea/image/upload/v1747771206/afhimages/vf3lefw2w9r2prpqycop.jpg", "marca": "wurth"}}, {"model": "tool.tool", "pk": 2, "fields": {"name": "Pulidora pequeña ", "code": "PP-1", "state": 1, "image": "https://res.cloudinary.com/dp4tvthea/image/upload/v1747771967/afhimages/h9zmtixyesqse84rtbcf.jpg", "marca": "dewalt"}}, {"model": "tool.tool", "pk": 3, "fields": {"name": "Pulidora mediana ", "code": "PM-1", "state": 1, "image": "https://res.cloudinary.com/dp4tvthea/image/upload/v1747773674/afhimages/iu19fjtrcwibpskrznxp.jpg", "marca": "dewalt"}}, {"model": "tool.tool", "pk": 4, "fields": {"name": "Pulidora inalambrica", "code": "PI-1", "state": 1, "image": "https://res.cloudinary.com/dp4tvthea/image/upload/v1747773732/afhimages/st5c77yvk4udhpodyy1t.jpg", "marca": "wurth"}}, {"model": "tool.tool", "pk": 5, "fields": {"name": "Pulidora mediana ", "code": "PM-2", "state": 1, "image": "https://res.cloudinary.com/dp4tvthea/image/upload/v1747773800/afhimages/cf41or0itvizltiotdpe.jpg", "marca": "makita"}}, {"model": "tool.tool", "pk": 6, "fields": {"name": "Mototool Grande ", "code": "MG-1", "state": 1, "image": "https://res.cloudinary.com/dp4tvthea/image/upload/v1747773845/afhimages/wsxpsdihivuybit5dsdj.jpg", "marca": "dewalt"}}, {"model": "tool.tool", "pk": 7, "fields": {"name": "Pistola de fijacion ", "code": "PDF-1", "state": 1, "image": "https://res.cloudinary.com/dp4tvthea/image/upload/v1747773898/afhimages/pwbqe0qzbfvlyiih087g.jpg", "marca": "Ramset"}}, {"model": "tool.tool", "pk": 8, "fields": {"name": "Sierra-sable ", "code": "S-1", "state": 1, "image": "https://res.cloudinary.com/dp4tvthea/image/upload/v1747773965/afhimages/tcq9oov3vt42dy5nurhg.jpg", "marca": "dewalt"}}, {"model": "tool.tool", "pk": 9, "fields": {"name": "Taladro percutor grande ", "code": "TPG-1", "state": 1, "image": "https://res.cloudinary.com/dp4tvthea/image/upload/v1747774044/afhimages/nvl0p8djsuwvbzxc4rz1.jpg", "marca": "Hitachi"}}, {"model": "tool.tool", "pk": 10, "fields": {"name": "Soplador apirador ", "code": "SA-1", "state": 1, "image": "https://res.cloudinary.com/dp4tvthea/image/upload/v1747774083/afhimages/ckcekvqmudxl1dfssdrv.jpg", "marca": "makita"}}, {"model": "tool.tool", "pk": 11, "fields": {"name": "Taladro percutor mediano", "code": "TPM-1", "state": 1, "image": "https://res.cloudinary.com/dp4tvthea/image/upload/v1747774153/afhimages/awuydfvbhyfc4ajlap1g.jpg", "marca": "dewalt"}}, {"model": "tool.tool", "pk": 12, "fields": {"name": "Pulidora pequeña ", "code": "PP-2", "state": 1, "image": "https://res.cloudinary.com/dp4tvthea/image/upload/v1747774193/afhimages/sfwxvfy0hrv9odvnykwo.jpg", "marca": "dewalt"}}, {"model": "tool.tool", "pk": 13, "fields": {"name": "Taladro grande de mandril ", "code": "TGDM-1", "state": 1, "image": "https://res.cloudinary.com/dp4tvthea/image/upload/v1747774239/afhimages/tjrx20ymvezlimnlbx7y.jpg", "marca": "dewalt"}}, {"model": "tool.tool", "pk": 14, "fields": {"name": "Mototool pequeño ", "code": "MP-1", "state": 1, "image": "https://res.cloudinary.com/dp4tvthea/image/upload/v1747774288/afhimages/iovuyofkzoph06tb5dce.jpg", "marca": "Black and decker"}}, {"model": "tool.tool", "pk": 15, "fields": {"name": "Pulidora grande ", "code": "PG-1", "state": 1, "image": "https://res.cloudinary.com/dp4tvthea/image/upload/v1747774345/afhimages/h97dsesagctxu05x5ox5.jpg", "marca": "dewalt"}}, {"model": "tool.tool", "pk": 16, "fields": {"name": "Cautin grande ", "code": "CG-1", "state": 1, "image": "https://res.cloudinary.com/dp4tvthea/image/upload/v1747774378/afhimages/cstyw1ewhinhqzeohic9.jpg", "marca": "Truper"}}, {"model": "tool.tool", "pk": 17, "fields": {"name": "Taladro percutor pequeño ", "code": "TPP-2", "state": 1, "image": "https://res.cloudinary.com/dp4tvthea/image/upload/v1747774426/afhimages/vrdkgrwasnny08g2oupw.jpg", "marca": "wurth"}}, {"model": "tool.tool", "pk": 18, "fields": {"name": "Pulidora grande ", "code": "PG-2", "state": 1, "image": "https://res.cloudinary.com/dp4tvthea/image/upload/v1747774471/afhimages/q1ztfcjv41mj0y0ye0q4.jpg", "marca": "makita"}}, {"model": "tool.tool", "pk": 21, "fields": {"name": "Taladro percutor pequeño ", "code": "TPP-3", "state": 1, "image": "https://res.cloudinary.com/dp4tvthea/image/upload/v1747774544/afhimages/n6ddjakjiidpx7ftyhhh.jpg", "marca": "makita"}}, {"model": "tool.tool", "pk": 22, "fields": {"name": "Pulidora pequeña ", "code": "PP-3", "state": 1, "image": "https://res.cloudinary.com/dp4tvthea/image/upload/v1747774616/afhimages/asnvpncylcceko50itxj.jpg", "marca": "dewalt"}}, {"model": "tool.tool", "pk": 23, "fields": {"name": "Taladro percutor grande ", "code": "TPG-2", "state": 1, "image": "https://res.cloudinary.com/dp4tvthea/image/upload/v1747774653/afhimages/stfxv3fj7pru67jxm38a.jpg", "marca": "dewalt"}}, {"model": "tool.tool", "pk": 24, "fields": {"name": "Martillo demoledor ", "code": "MD-1", "state": 1, "image": "https://res.cloudinary.com/dp4tvthea/image/upload/v1747774696/afhimages/gmjek7je7cbqwo0kcfgp.jpg", "marca": "dewalt"}}, {"model": "tool.tool", "pk": 25, "fields": {"name": "Hidro lavadora", "code": "HL-1", "state": 1, "image": "https://res.cloudinary.com/dp4tvthea/image/upload/v1747774739/afhimages/bkfabtdkcdvib0jwglnh.jpg", "marca": "wurth"}}, {"model": "tool.tool", "pk": 26, "fields": {"name": "maquina de soldar inversor", "code": "MDSI-1", "state": 1, "image": "https://res.cloudinary.com/dp4tvthea/image/upload/v1747774783/afhimages/b9ogcjptyqcikbs0x5yh.jpg", "marca": "Black panther"}}, {"model": "tool.tool", "pk": 29, "fields": {"name": "maquina de soldar inversor", "code": "MDSI-4", "state": 1, "image": "https://res.cloudinary.com/dp4tvthea/image/upload/v1747774926/afhimages/ttjk1bblh6oxkgu4kwit.jpg", "marca": "Power pwd"}}, {"model": "tool.tool", "pk": 30, "fields": {"name": "maquina de soldar inversor", "code": "MDSI-2", "state": 1, "image": "https://res.cloudinary.com/dp4tvthea/image/upload/v1747775296/afhimages/qokzcxswghgclntkx7wx.jpg", "marca": "Lantini italy"}}, {"model": "tool.tool", "pk": 32, "fields": {"name": "maquina de soldar inversor", "code": "MDSI-3", "state": 1, "image": "https://res.cloudinary.com/dp4tvthea/image/upload/v1747775334/afhimages/wc50nlcjosatpkvgiomm.jpg", "marca": "Mega force "}}, {"model": "tool.tool", "pk": 33, "fields": {"name": "Pulidora grande ", "code": "PG-3", "state": 1, "image": "https://res.cloudinary.com/dp4tvthea/image/upload/v1747775385/afhimages/qsdjuu6y73v2353i631p.jpg", "marca": "dewalt"}}, {"model": "tool.tool", "pk": 34, "fields": {"name": "Taladro inalambrico", "code": "TI-1", "state": 1, "image": "https://res.cloudinary.com/dp4tvthea/image/upload/v1747775418/afhimages/ypiqvvjf7ojjufybxfph.jpg", "marca": "wurth"}}, {"model": "tool.tool", "pk": 35, "fields": {"name": "Pulidora grande ", "code": "PG-4", "state": 1, "image": "https://res.cloudinary.com/dp4tvthea/image/upload/v1747775441/afhimages/mwjelqfcsjsuphuen6ud.jpg", "marca": "Hilti"}}, {"model": "tool.tool", "pk": 36, "fields": {"name": "Arnes azul de 4 argollas ", "code": "AAD4A-1", "state": 1, "image": "https://res.cloudinary.com/dp4tvthea/image/upload/v1748295508/afhimages/j54v9nvuwxghfuw0pxt9.jpg", "marca": "Arseg"}}, {"model": "tool.tool", "pk": 37, "fields": {"name": "Arnes azul de 4 argollas ", "code": "AAD4A-2", "state": 1, "image": "https://res.cloudinary.com/dp4tvthea/image/upload/v1748295576/afhimages/qyucrnxi2f3i34uct7zs.jpg", "marca": "Arseg"}}, {"model": "tool.tool", "pk": 38, "fields": {"name": "Eslinga doble con absorbedor de impacto", "code": "EDCADI-1", "state": 1, "image": "https://res.cloudinary.com/dp4tvthea/image/upload/v1748295635/afhimages/ekfvaijzhctrar6d8tll.jpg", "marca": "3M"}}, {"model": "tool.tool", "pk": 39, "fields": {"name": "Eslinga doble con absorbedor de impacto", "code": "EDCADI-2", "state": 1, "image": "https://res.cloudinary.com/dp4tvthea/image/upload/v1748295664/afhimages/ogealwkbkpuxgzewovaq.jpg", "marca": "3M"}}, {"model": "tool.tool", "pk": 40, "fields": {"name": "Extractor  hidraulico", "code": "EH-1", "state": 1, "image": "https://res.cloudinary.com/dp4tvthea/image/upload/v1748295716/afhimages/qiputdi9k0bhj9k4mhsx.jpg", "marca": "Omar star "}}, {"model": "tool.tool", "pk": 41, "fields": {"name": "Pulidora pequeña ", "code": "PP-4", "state": 1, "image": "https://res.cloudinary.com/dp4tvthea/image/upload/v1748295754/afhimages/jwkudejcoqlu1zzglyme.jpg", "marca": "wurth"}}, {"model": "tool.tool", "pk": 42, "fields": {"name": "Lijadora orbital cuadrada ", "code": "LOC-1", "state": 1, "image": "https://res.cloudinary.com/dp4tvthea/image/upload/v1748295787/afhimages/tu2wragahrsxjnl75zaq.jpg", "marca": "dewalt"}}, {"model": "tool.tool", "pk": 43, "fields": {"name": "Eslinga doble con absorbedor de impacto", "code": "EDCADI-3", "state": 1, "image": "https://res.cloudinary.com/dp4tvthea/image/upload/v1748295834/afhimages/qcfg48dcjatrhzmsl3cu.jpg", "marca": "3M"}}, {"model": "tool.tool", "pk": 44, "fields": {"name": "Eslinga doble con absorbedor de impacto", "code": "EDCADI-4", "state": 1, "image": "https://res.cloudinary.com/dp4tvthea/image/upload/v1748295881/afhimages/bhsagpt11u02avdmjnqe.jpg", "marca": "Arseg"}}, {"model": "tool.tool", "pk": 45, "fields": {"name": "Eslinga doble con absorbedor de impacto", "code": "EDCADI-5", "state": 1, "image": "https://res.cloudinary.com/dp4tvthea/image/upload/v1748295901/afhimages/xatptyc0twjx5q4zxjbg.jpg", "marca": "Arseg"}}, {"model": "tool.tool", "pk": 46, "fields": {"name": "Arnes de 4 argollas ", "code": "AD4A-1", "state": 1, "image": "https://res.cloudinary.com/dp4tvthea/image/upload/v1748295951/afhimages/rdtj6dusqc0fw0edukbo.jpg", "marca": "MSA "}}, {"model": "tool.tool", "pk": 47, "fields": {"name": "Taladro grande de mandril ", "code": "TGDM-2", "state": 1, "image": "https://res.cloudinary.com/dp4tvthea/image/upload/v1748295994/afhimages/kgxgmi9honav0nwvftl4.jpg", "marca": "wurth"}}, {"model": "tool.tool", "pk": 48, "fields": {"name": "Lampara inalambrica ", "code": "LI-1", "state": 1, "image": "https://res.cloudinary.com/dp4tvthea/image/upload/v1748296028/afhimages/xuiirgz3kpsnulhadnn6.jpg", "marca": "wurth"}}, {"model": "tool.tool", "pk": 58, "fields": {"name": "Medidor de flujo de acetileno ", "code": "MDFDA-1", "state": 1, "image": "https://res.cloudinary.com/dp4tvthea/image/upload/v1748296396/afhimages/zcgdni62hfilttmwdo3z.jpg", "marca": "Black panther"}}, {"model": "tool.tool", "pk": 59, "fields": {"name": "Remachadora tuerca manual ", "code": "RTM-1", "state": 1, "image": "https://res.cloudinary.com/dp4tvthea/image/upload/v1748296472/afhimages/yngebzzcazbrckkj1ln2.jpg", "marca": "wurth"}}, {"model": "tool.tool", "pk": 60, "fields": {"name": "Medidor de flujo de acetileno ", "code": "MDFDA-2", "state": 1, "image": "https://res.cloudinary.com/dp4tvthea/image/upload/v1748296571/afhimages/jtotkjr2mblkowst3sek.jpg", "marca": "Black panther"}}, {"model": "tool.tool", "pk": 61, "fields": {"name": "Medidor de flujo de acetileno ", "code": "MDFDA-3", "state": 1, "image": "https://res.cloudinary.com/dp4tvthea/image/upload/v1748296593/afhimages/cwpajyjpvg9hm7rlwgk9.jpg", "marca": "Black panther"}}, {"model": "tool.tool", "pk": 62, "fields": {"name": "BoquIlla de calentar oxiacetilénica", "code": "BDCO-1", "state": 1, "image": "https://res.cloudinary.com/dp4tvthea/image/upload/v1748296712/afhimages/uckr7mautgh4tplfodpr.jpg", "marca": "victor"}}, {"model": "tool.tool", "pk": 63, "fields": {"name": "Boqulilla soldar oxiacetilenica 5", "code": "BSO5-1", "state": 1, "image": "https://res.cloudinary.com/dp4tvthea/image/upload/v1748296741/afhimages/ckfhxxa9uhxkagcjprsh.jpg", "marca": "victor"}}, {"model": "tool.tool", "pk": 64, "fields": {"name": "Boqulilla soldar oxiacetilenica 2", "code": "BSO2-1", "state": 1, "image": "https://res.cloudinary.com/dp4tvthea/image/upload/v1748296770/afhimages/gkux03unyxqhrpz1nz2e.jpg", "marca": "victor"}}, {"model": "tool.tool", "pk": 65, "fields": {"name": "Boqulilla  soldar oxiacetilenica 3", "code": "BSO3-1", "state": 1, "image": "https://res.cloudinary.com/dp4tvthea/image/upload/v1748296796/afhimages/no35zarmhtgg28f9gggf.jpg", "marca": "victor"}}, {"model": "tool.tool", "pk": 69, "fields": {"name": "Taladro inalambrico", "code": "TI-2", "state": 1, "image": "https://res.cloudinary.com/dp4tvthea/image/upload/v1748297060/afhimages/lpjxyhpequhygedduiqm.jpg", "marca": "wurth"}}, {"model": "tool.tool", "pk": 70, "fields": {"name": "maquina de soldar inversor", "code": "MDSI-5", "state": 1, "image": "https://res.cloudinary.com/dp4tvthea/image/upload/v1748297110/afhimages/u3bylv9nawdqykrefaxl.jpg", "marca": "wurth"}}, {"model": "tool.tool", "pk": 71, "fields": {"name": "Medidor de flujo de acetileno ", "code": "MDFDA-4", "state": 1, "image": "https://res.cloudinary.com/dp4tvthea/image/upload/v1748297132/afhimages/vjcqjwkprviekdyj3zsb.jpg", "marca": "Black panther"}}, {"model": "tool.tool", "pk": 72, "fields": {"name": "Juego  multipuntas de 10 piezas", "code": "JMD1P-1", "state": 1, "image": "https://res.cloudinary.com/dp4tvthea/image/upload/v1748297165/afhimages/reahkf6cugdpndbpmrvd.jpg", "marca": "wurth"}}, {"model": "tool.tool", "pk": 73, "fields": {"name": "Pulidora grande ", "code": "PG-5", "state": 1, "image": "https://res.cloudinary.com/dp4tvthea/image/upload/v1748297193/afhimages/cjmpu0f29a0ns59iyphs.jpg", "marca": "dewalt"}}, {"model": "tool.tool", "pk": 74, "fields": {"name": "Maquina de soldar semi automatica ", "code": "MDSSA-1", "state": 1, "image": "https://res.cloudinary.com/dp4tvthea/image/upload/v1748297226/afhimages/e1inrxulnckpbclajnsi.jpg", "marca": "Power pwd"}}, {"model": "tool.tool", "pk": 75, "fields": {"name": "Aceitera ", "code": "A-1", "state": 1, "image": "https://res.cloudinary.com/dp4tvthea/image/upload/v1748297252/afhimages/hkzjq0nuhc7xrccuktjl.jpg", "marca": "wurth"}}, {"model": "tool.tool", "pk": 76, "fields": {"name": "Gato hidraulico ", "code": "GH-1", "state": 1, "image": "https://res.cloudinary.com/dp4tvthea/image/upload/v1748297298/afhimages/nc9uogr8vn8msanaqwti.jpg", "marca": "Hermar"}}, {"model": "tool.tool", "pk": 77, "fields": {"name": "Rache con cuadrante de 1/2\"", "code": "RCCD1-1", "state": 1, "image": "https://res.cloudinary.com/dp4tvthea/image/upload/v1748297381/afhimages/zfqadvdle267piwy2l2z.jpg", "marca": "Stanley"}}, {"model": "tool.tool", "pk": 78, "fields": {"name": "Tronzadora", "code": "T-2", "state": 1, "image": "https://res.cloudinary.com/dp4tvthea/image/upload/v1749758194/afhimages/fnkuksqow6llct0ijdrj.jpg", "marca": "DEWALT"}}, {"model": "tool.tool", "pk": 85, "fields": {"name": "Pulidora", "code": "P-2", "state": 1, "image": "https://res.cloudinary.com/dp4tvthea/image/upload/v1749758490/afhimages/br2kxj2encbz2j9i50ar.jpg", "marca": "TRUPER"}}, {"model": "tool.tool", "pk": 86, "fields": {"name": "Maquina Soldar", "code": "MS-2", "state": 1, "image": "https://res.cloudinary.com/dp4tvthea/image/upload/v1749758553/afhimages/gc7rqbutoemhpnnmywbm.jpg", "marca": "SMAW 110V-220"}}, {"model": "tool.tool", "pk": 87, "fields": {"name": "Soldador mig 300", "code": "SM3-1", "state": 1, "image": "https://res.cloudinary.com/dp4tvthea/image/upload/v1749758602/afhimages/envvqqjtnde3savmrsbg.jpg", "marca": "ELITE"}}, {"model": "tool.tool", "pk": 106, "fields": {"name": "Torno", "code": "T-2", "state": 1, "image": "https://res.cloudinary.com/dp4tvthea/image/upload/v1749759217/afhimages/xam0qnju7hma1jkqawv2.jpg", "marca": "AZUL"}}, {"model": "tool.tool", "pk": 107, "fields": {"name": "Plataforma con polipasto", "code": "PCP-1", "state": 1, "image": "https://res.cloudinary.com/dp4tvthea/image/upload/v1749759290/afhimages/nydi2c1twftxcwgmcvl7.jpg", "marca": " "}}, {"model": "tool.tool", "pk": 108, "fields": {"name": "Maquina electroestatica", "code": "ME-1", "state": 1, "image": "https://res.cloudinary.com/dp4tvthea/image/upload/v1749759345/afhimages/a7gpuswog4esezp9dvbs.jpg", "marca": " "}}, {"model": "tool.tool", "pk": 109, "fields": {"name": "Maquina electroestatica", "code": "ME-2", "state": 1, "image": "https://res.cloudinary.com/dp4tvthea/image/upload/v1749759377/afhimages/ebid6aqjiuizapcgh63j.jpg", "marca": " "}}, {"model": "tool.tool", "pk": 110, "fields": {"name": "Compresor", "code": "C-1", "state": 1, "image": "https://res.cloudinary.com/dp4tvthea/image/upload/v1749759426/afhimages/salvfxresib8raisdz1z.jpg", "marca": "ROJO"}}, {"model": "tool.tool", "pk": 117, "fields": {"name": "Flexometro 8\"", "code": "F8-1", "state": 1, "image": "https://res.cloudinary.com/dp4tvthea/image/upload/v1750100870/afhimages/ikkgvuryuappfporpvla.jpg", "marca": "Milwaukee"}}, {"model": "tool.tool", "pk": 118, "fields": {"name": "Taladro Inhalambrico TI06", "code": "TIT-1", "state": 1, "image": "https://res.cloudinary.com/dp4tvthea/image/upload/v1750100900/afhimages/zkoaznjdmjlg9kyesr1o.jpg", "marca": "Milwaukee"}}, {"model": "tool.tool", "pk": 119, "fields": {"name": "Pulidora Inhalambrica PI014", "code": "PIP-1", "state": 1, "image": "https://res.cloudinary.com/dp4tvthea/image/upload/v1750100936/afhimages/nfudemohm4fokr2v4vim.jpg", "marca": "Milwaukee"}}, {"model": "tool.tool", "pk": 120, "fields": {"name": "Taladro SDS PLUS", "code": "TSP-1", "state": 1, "image": "https://res.cloudinary.com/dp4tvthea/image/upload/v1750100977/afhimages/wkixfpg7lbp1cdvnlv85.jpg", "marca": "DeWalt"}}, {"model": "tool.tool", "pk": 121, "fields": {"name": "Juego Taladro Inhalambrico TI3453", "code": "JTIT-1", "state": 1, "image": "https://res.cloudinary.com/dp4tvthea/image/upload/v1750101468/afhimages/jbvextuegphrohbdeeyi.jpg", "marca": "DeWalt"}}, {"model": "tool.tool", "pk": 122, "fields": {"name": "Pulidora Pequeña PP023", "code": "PPP-1", "state": 1, "image": "https://res.cloudinary.com/dp4tvthea/image/upload/v1750101584/afhimages/xdcp6u9insmtucmwammh.jpg", "marca": "Web"}}, {"model": "ticket.ticket", "pk": 1, "fields": {"description": "trabajo", "applicant": 1, "receiver": 1, "place": "manuelita", "entry_date": "2025-05-20T20:16:58.695Z", "departure_date": "2025-05-20T20:19:46.066Z", "state": 4, "responsible": "AFH", "tools": [1, 2]}}, {"model": "ticket.ticket", "pk": 2, "fields": {"description": "Lleva Omar", "applicant": 4, "receiver": 1, "place": "Unicentro", "entry_date": "2025-05-24T12:30:52.318Z", "departure_date": "2025-05-24T14:01:00.658Z", "state": 4, "responsible": "AFH", "tools": [4]}}, {"model": "ticket.ticket", "pk": 3, "fields": {"description": "Herramienta para proyecto cobertura oficinas de Del Alba", "applicant": 4, "receiver": 1, "place": "Cali - Del Alba", "entry_date": "2025-06-12T20:42:57.459Z", "departure_date": "2025-06-18T12:40:07.064Z", "state": 4, "responsible": "AFH", "tools": [7, 25, 35]}}]