[{"model": "admin.logentry", "pk": 1, "fields": {"action_time": "2025-05-20T17:08:32.713Z", "user": 1, "content_type": 4, "object_id": "2", "object_repr": "afh_admon", "action_flag": 1, "change_message": "[{\"added\": {}}]"}}, {"model": "admin.logentry", "pk": 2, "fields": {"action_time": "2025-05-20T17:09:01.143Z", "user": 1, "content_type": 4, "object_id": "2", "object_repr": "afh_admon", "action_flag": 2, "change_message": "[{\"changed\": {\"fields\": [\"First name\", \"Last name\", \"Email address\"]}}]"}}, {"model": "admin.logentry", "pk": 3, "fields": {"action_time": "2025-05-20T17:10:03.378Z", "user": 1, "content_type": 4, "object_id": "3", "object_repr": "admin_2", "action_flag": 1, "change_message": "[{\"added\": {}}]"}}, {"model": "admin.logentry", "pk": 4, "fields": {"action_time": "2025-05-20T17:10:39.228Z", "user": 1, "content_type": 4, "object_id": "3", "object_repr": "admin_2", "action_flag": 2, "change_message": "[{\"changed\": {\"fields\": [\"First name\", \"Last name\", \"Email address\"]}}]"}}, {"model": "admin.logentry", "pk": 5, "fields": {"action_time": "2025-05-20T17:11:22.381Z", "user": 1, "content_type": 4, "object_id": "4", "object_repr": "user_normie", "action_flag": 1, "change_message": "[{\"added\": {}}]"}}, {"model": "admin.logentry", "pk": 6, "fields": {"action_time": "2025-05-20T17:11:35.059Z", "user": 1, "content_type": 4, "object_id": "4", "object_repr": "user_normie", "action_flag": 2, "change_message": "[{\"changed\": {\"fields\": [\"First name\"]}}]"}}, {"model": "admin.logentry", "pk": 7, "fields": {"action_time": "2025-05-20T17:12:01.638Z", "user": 1, "content_type": 4, "object_id": "4", "object_repr": "user_normie", "action_flag": 2, "change_message": "[{\"changed\": {\"fields\": [\"First name\", \"Last name\", \"Email address\"]}}]"}}, {"model": "admin.logentry", "pk": 8, "fields": {"action_time": "2025-05-20T17:12:14.720Z", "user": 1, "content_type": 9, "object_id": "1", "object_repr": "afh_admon", "action_flag": 1, "change_message": "[{\"added\": {}}]"}}, {"model": "admin.logentry", "pk": 9, "fields": {"action_time": "2025-05-20T17:12:26.858Z", "user": 1, "content_type": 9, "object_id": "2", "object_repr": "afh_admon_felipe", "action_flag": 1, "change_message": "[{\"added\": {}}]"}}, {"model": "admin.logentry", "pk": 10, "fields": {"action_time": "2025-05-20T17:12:37.719Z", "user": 1, "content_type": 9, "object_id": "3", "object_repr": "user_normie", "action_flag": 1, "change_message": "[{\"added\": {}}]"}}, {"model": "admin.logentry", "pk": 11, "fields": {"action_time": "2025-05-20T17:15:15.878Z", "user": 1, "content_type": 9, "object_id": "4", "object_repr": "admin_2", "action_flag": 1, "change_message": "[{\"added\": {}}]"}}, {"model": "admin.logentry", "pk": 12, "fields": {"action_time": "2025-05-23T17:51:01.657Z", "user": 1, "content_type": 4, "object_id": "3", "object_repr": "admin_2", "action_flag": 2, "change_message": "[{\"changed\": {\"fields\": [\"Email address\"]}}]"}}, {"model": "admin.logentry", "pk": 13, "fields": {"action_time": "2025-06-12T21:47:53.115Z", "user": 5, "content_type": 4, "object_id": "1", "object_repr": "afh_admon_felipe", "action_flag": 2, "change_message": "[{\"changed\": {\"fields\": [\"First name\", \"Last name\"]}}]"}}, {"model": "admin.logentry", "pk": 14, "fields": {"action_time": "2025-06-12T21:49:11.737Z", "user": 5, "content_type": 11, "object_id": "4", "object_repr": "argentina", "action_flag": 3, "change_message": ""}}, {"model": "admin.logentry", "pk": 15, "fields": {"action_time": "2025-06-29T17:46:44.687Z", "user": 5, "content_type": 19, "object_id": "1", "object_repr": "asdad", "action_flag": 3, "change_message": ""}}, {"model": "admin.logentry", "pk": 16, "fields": {"action_time": "2025-06-29T17:46:57.735Z", "user": 5, "content_type": 13, "object_id": "1", "object_repr": "1-2025 - Unicentro", "action_flag": 3, "change_message": ""}}, {"model": "admin.logentry", "pk": 17, "fields": {"action_time": "2025-07-02T18:39:30.852Z", "user": 5, "content_type": 16, "object_id": "6", "object_repr": "Option object (6)", "action_flag": 3, "change_message": ""}}, {"model": "admin.logentry", "pk": 18, "fields": {"action_time": "2025-07-02T18:39:30.852Z", "user": 5, "content_type": 16, "object_id": "5", "object_repr": "Option object (5)", "action_flag": 3, "change_message": ""}}, {"model": "admin.logentry", "pk": 19, "fields": {"action_time": "2025-07-02T18:39:30.852Z", "user": 5, "content_type": 16, "object_id": "4", "object_repr": "Option object (4)", "action_flag": 3, "change_message": ""}}, {"model": "admin.logentry", "pk": 20, "fields": {"action_time": "2025-07-02T18:39:30.852Z", "user": 5, "content_type": 16, "object_id": "3", "object_repr": "Option object (3)", "action_flag": 3, "change_message": ""}}, {"model": "admin.logentry", "pk": 21, "fields": {"action_time": "2025-07-02T18:39:30.852Z", "user": 5, "content_type": 16, "object_id": "2", "object_repr": "Option object (2)", "action_flag": 3, "change_message": ""}}, {"model": "admin.logentry", "pk": 22, "fields": {"action_time": "2025-07-02T18:39:30.852Z", "user": 5, "content_type": 16, "object_id": "1", "object_repr": "Option object (1)", "action_flag": 3, "change_message": ""}}, {"model": "admin.logentry", "pk": 23, "fields": {"action_time": "2025-07-05T00:57:39.865Z", "user": 6, "content_type": 18, "object_id": "2", "object_repr": "Delivery Certificate for Work Order 2 on 2025-07-04", "action_flag": 3, "change_message": ""}}, {"model": "admin.logentry", "pk": 24, "fields": {"action_time": "2025-07-05T00:57:59.784Z", "user": 6, "content_type": 19, "object_id": "6", "object_repr": "descripcion", "action_flag": 3, "change_message": ""}}, {"model": "admin.logentry", "pk": 25, "fields": {"action_time": "2025-07-05T00:57:59.784Z", "user": 6, "content_type": 19, "object_id": "5", "object_repr": "ENVALAJE", "action_flag": 3, "change_message": ""}}, {"model": "admin.logentry", "pk": 26, "fields": {"action_time": "2025-07-05T00:57:59.784Z", "user": 6, "content_type": 19, "object_id": "4", "object_repr": "Área DUPLEX", "action_flag": 3, "change_message": ""}}, {"model": "admin.logentry", "pk": 27, "fields": {"action_time": "2025-07-05T00:57:59.784Z", "user": 6, "content_type": 19, "object_id": "3", "object_repr": "SOYA", "action_flag": 3, "change_message": ""}}, {"model": "admin.logentry", "pk": 28, "fields": {"action_time": "2025-07-05T00:57:59.784Z", "user": 6, "content_type": 19, "object_id": "2", "object_repr": "DOBLE CAMPANA", "action_flag": 3, "change_message": ""}}, {"model": "auth.permission", "pk": 1, "fields": {"name": "Can add log entry", "content_type": 1, "codename": "add_logentry"}}, {"model": "auth.permission", "pk": 2, "fields": {"name": "Can change log entry", "content_type": 1, "codename": "change_logentry"}}, {"model": "auth.permission", "pk": 3, "fields": {"name": "Can delete log entry", "content_type": 1, "codename": "delete_logentry"}}, {"model": "auth.permission", "pk": 4, "fields": {"name": "Can view log entry", "content_type": 1, "codename": "view_logentry"}}, {"model": "auth.permission", "pk": 5, "fields": {"name": "Can add permission", "content_type": 2, "codename": "add_permission"}}, {"model": "auth.permission", "pk": 6, "fields": {"name": "Can change permission", "content_type": 2, "codename": "change_permission"}}, {"model": "auth.permission", "pk": 7, "fields": {"name": "Can delete permission", "content_type": 2, "codename": "delete_permission"}}, {"model": "auth.permission", "pk": 8, "fields": {"name": "Can view permission", "content_type": 2, "codename": "view_permission"}}, {"model": "auth.permission", "pk": 9, "fields": {"name": "Can add group", "content_type": 3, "codename": "add_group"}}, {"model": "auth.permission", "pk": 10, "fields": {"name": "Can change group", "content_type": 3, "codename": "change_group"}}, {"model": "auth.permission", "pk": 11, "fields": {"name": "Can delete group", "content_type": 3, "codename": "delete_group"}}, {"model": "auth.permission", "pk": 12, "fields": {"name": "Can view group", "content_type": 3, "codename": "view_group"}}, {"model": "auth.permission", "pk": 13, "fields": {"name": "Can add user", "content_type": 4, "codename": "add_user"}}, {"model": "auth.permission", "pk": 14, "fields": {"name": "Can change user", "content_type": 4, "codename": "change_user"}}, {"model": "auth.permission", "pk": 15, "fields": {"name": "Can delete user", "content_type": 4, "codename": "delete_user"}}, {"model": "auth.permission", "pk": 16, "fields": {"name": "Can view user", "content_type": 4, "codename": "view_user"}}, {"model": "auth.permission", "pk": 17, "fields": {"name": "Can add content type", "content_type": 5, "codename": "add_contenttype"}}, {"model": "auth.permission", "pk": 18, "fields": {"name": "Can change content type", "content_type": 5, "codename": "change_contenttype"}}, {"model": "auth.permission", "pk": 19, "fields": {"name": "Can delete content type", "content_type": 5, "codename": "delete_contenttype"}}, {"model": "auth.permission", "pk": 20, "fields": {"name": "Can view content type", "content_type": 5, "codename": "view_contenttype"}}, {"model": "auth.permission", "pk": 21, "fields": {"name": "Can add session", "content_type": 6, "codename": "add_session"}}, {"model": "auth.permission", "pk": 22, "fields": {"name": "Can change session", "content_type": 6, "codename": "change_session"}}, {"model": "auth.permission", "pk": 23, "fields": {"name": "Can delete session", "content_type": 6, "codename": "delete_session"}}, {"model": "auth.permission", "pk": 24, "fields": {"name": "Can view session", "content_type": 6, "codename": "view_session"}}, {"model": "auth.permission", "pk": 25, "fields": {"name": "Can add Token", "content_type": 7, "codename": "add_token"}}, {"model": "auth.permission", "pk": 26, "fields": {"name": "Can change Token", "content_type": 7, "codename": "change_token"}}, {"model": "auth.permission", "pk": 27, "fields": {"name": "Can delete Token", "content_type": 7, "codename": "delete_token"}}, {"model": "auth.permission", "pk": 28, "fields": {"name": "Can view Token", "content_type": 7, "codename": "view_token"}}, {"model": "auth.permission", "pk": 29, "fields": {"name": "Can add Token", "content_type": 8, "codename": "add_tokenproxy"}}, {"model": "auth.permission", "pk": 30, "fields": {"name": "Can change Token", "content_type": 8, "codename": "change_tokenproxy"}}, {"model": "auth.permission", "pk": 31, "fields": {"name": "Can delete Token", "content_type": 8, "codename": "delete_tokenproxy"}}, {"model": "auth.permission", "pk": 32, "fields": {"name": "Can view Token", "content_type": 8, "codename": "view_tokenproxy"}}, {"model": "auth.permission", "pk": 33, "fields": {"name": "Can add users", "content_type": 9, "codename": "add_users"}}, {"model": "auth.permission", "pk": 34, "fields": {"name": "Can change users", "content_type": 9, "codename": "change_users"}}, {"model": "auth.permission", "pk": 35, "fields": {"name": "Can delete users", "content_type": 9, "codename": "delete_users"}}, {"model": "auth.permission", "pk": 36, "fields": {"name": "Can view users", "content_type": 9, "codename": "view_users"}}, {"model": "auth.permission", "pk": 37, "fields": {"name": "Can add tool", "content_type": 10, "codename": "add_tool"}}, {"model": "auth.permission", "pk": 38, "fields": {"name": "Can change tool", "content_type": 10, "codename": "change_tool"}}, {"model": "auth.permission", "pk": 39, "fields": {"name": "Can delete tool", "content_type": 10, "codename": "delete_tool"}}, {"model": "auth.permission", "pk": 40, "fields": {"name": "Can view tool", "content_type": 10, "codename": "view_tool"}}, {"model": "auth.permission", "pk": 41, "fields": {"name": "Can add ticket", "content_type": 11, "codename": "add_ticket"}}, {"model": "auth.permission", "pk": 42, "fields": {"name": "Can change ticket", "content_type": 11, "codename": "change_ticket"}}, {"model": "auth.permission", "pk": 43, "fields": {"name": "Can delete ticket", "content_type": 11, "codename": "delete_ticket"}}, {"model": "auth.permission", "pk": 44, "fields": {"name": "Can view ticket", "content_type": 11, "codename": "view_ticket"}}, {"model": "auth.permission", "pk": 45, "fields": {"name": "Can add password reset code", "content_type": 12, "codename": "add_passwordresetcode"}}, {"model": "auth.permission", "pk": 46, "fields": {"name": "Can change password reset code", "content_type": 12, "codename": "change_passwordresetcode"}}, {"model": "auth.permission", "pk": 47, "fields": {"name": "Can delete password reset code", "content_type": 12, "codename": "delete_passwordresetcode"}}, {"model": "auth.permission", "pk": 48, "fields": {"name": "Can view password reset code", "content_type": 12, "codename": "view_passwordresetcode"}}, {"model": "auth.permission", "pk": 49, "fields": {"name": "Can add quotes", "content_type": 13, "codename": "add_quotes"}}, {"model": "auth.permission", "pk": 50, "fields": {"name": "Can change quotes", "content_type": 13, "codename": "change_quotes"}}, {"model": "auth.permission", "pk": 51, "fields": {"name": "Can delete quotes", "content_type": 13, "codename": "delete_quotes"}}, {"model": "auth.permission", "pk": 52, "fields": {"name": "Can view quotes", "content_type": 13, "codename": "view_quotes"}}, {"model": "auth.permission", "pk": 53, "fields": {"name": "Can add work order", "content_type": 14, "codename": "add_workorder"}}, {"model": "auth.permission", "pk": 54, "fields": {"name": "Can change work order", "content_type": 14, "codename": "change_workorder"}}, {"model": "auth.permission", "pk": 55, "fields": {"name": "Can delete work order", "content_type": 14, "codename": "delete_workorder"}}, {"model": "auth.permission", "pk": 56, "fields": {"name": "Can view work order", "content_type": 14, "codename": "view_workorder"}}, {"model": "auth.permission", "pk": 57, "fields": {"name": "Can add customer", "content_type": 15, "codename": "add_customer"}}, {"model": "auth.permission", "pk": 58, "fields": {"name": "Can change customer", "content_type": 15, "codename": "change_customer"}}, {"model": "auth.permission", "pk": 59, "fields": {"name": "Can delete customer", "content_type": 15, "codename": "delete_customer"}}, {"model": "auth.permission", "pk": 60, "fields": {"name": "Can view customer", "content_type": 15, "codename": "view_customer"}}, {"model": "auth.permission", "pk": 61, "fields": {"name": "Can add option", "content_type": 16, "codename": "add_option"}}, {"model": "auth.permission", "pk": 62, "fields": {"name": "Can change option", "content_type": 16, "codename": "change_option"}}, {"model": "auth.permission", "pk": 63, "fields": {"name": "Can delete option", "content_type": 16, "codename": "delete_option"}}, {"model": "auth.permission", "pk": 64, "fields": {"name": "Can view option", "content_type": 16, "codename": "view_option"}}, {"model": "auth.permission", "pk": 65, "fields": {"name": "Can add item", "content_type": 17, "codename": "add_item"}}, {"model": "auth.permission", "pk": 66, "fields": {"name": "Can change item", "content_type": 17, "codename": "change_item"}}, {"model": "auth.permission", "pk": 67, "fields": {"name": "Can delete item", "content_type": 17, "codename": "delete_item"}}, {"model": "auth.permission", "pk": 68, "fields": {"name": "Can view item", "content_type": 17, "codename": "view_item"}}, {"model": "auth.permission", "pk": 69, "fields": {"name": "Can add delivery_certificate", "content_type": 18, "codename": "add_delivery_certificate"}}, {"model": "auth.permission", "pk": 70, "fields": {"name": "Can change delivery_certificate", "content_type": 18, "codename": "change_delivery_certificate"}}, {"model": "auth.permission", "pk": 71, "fields": {"name": "Can delete delivery_certificate", "content_type": 18, "codename": "delete_delivery_certificate"}}, {"model": "auth.permission", "pk": 72, "fields": {"name": "Can view delivery_certificate", "content_type": 18, "codename": "view_delivery_certificate"}}, {"model": "auth.permission", "pk": 73, "fields": {"name": "Can add exhibit", "content_type": 19, "codename": "add_exhibit"}}, {"model": "auth.permission", "pk": 74, "fields": {"name": "Can change exhibit", "content_type": 19, "codename": "change_exhibit"}}, {"model": "auth.permission", "pk": 75, "fields": {"name": "Can delete exhibit", "content_type": 19, "codename": "delete_exhibit"}}, {"model": "auth.permission", "pk": 76, "fields": {"name": "Can view exhibit", "content_type": 19, "codename": "view_exhibit"}}, {"model": "auth.user", "pk": 1, "fields": {"password": "pbkdf2_sha256$870000$jzQFGE63pVGg3g7c0WhHt0$5YEuGw33tpGHWayzw1hnIuIuw086hVigwebNEj2CVLk=", "last_login": "2025-05-23T17:49:59Z", "is_superuser": true, "username": "afh_admon_felipe", "first_name": "sebastian", "last_name": "Hernandez", "email": "sebastianscarpetta19@gmail.com", "is_staff": true, "is_active": true, "date_joined": "2025-05-20T17:04:52Z", "groups": [], "user_permissions": []}}, {"model": "auth.user", "pk": 2, "fields": {"password": "pbkdf2_sha256$870000$Oeqd9DztqSpL6zo0DX1oCk$uJ+593kCIcMCJ9TMNpnk4Qfax2+bE0ChBWXBkQlxUMA=", "last_login": null, "is_superuser": false, "username": "afh_admon", "first_name": "Andres", "last_name": "Felipe", "email": "a.hernandez@afhmetalmecanico.com", "is_staff": false, "is_active": true, "date_joined": "2025-05-20T17:08:30Z", "groups": [], "user_permissions": []}}, {"model": "auth.user", "pk": 3, "fields": {"password": "pbkdf2_sha256$870000$JuoiTrWraCCFKh8ji477x6$2FOapZ8i5DdUlLqCpzEqo+6PjcAeWSGeQn5EpscLWCw=", "last_login": null, "is_superuser": false, "username": "admin_2", "first_name": "Lina", "last_name": "Sanchez", "email": "asistenteadm@afhmetalmecanico.com", "is_staff": false, "is_active": true, "date_joined": "2025-05-20T17:10:00Z", "groups": [], "user_permissions": []}}, {"model": "auth.user", "pk": 4, "fields": {"password": "pbkdf2_sha256$870000$kS820u0tOT7rcqopyEbR98$GLG0qyxra1bkzU49NPUxQ+5KMiadr1/H/IzEbwknJlg=", "last_login": null, "is_superuser": false, "username": "user_normie", "first_name": "Omar", "last_name": "Hernandez", "email": "compras@afhmetalmecanico.com", "is_staff": false, "is_active": true, "date_joined": "2025-05-20T17:11:20Z", "groups": [], "user_permissions": []}}, {"model": "auth.user", "pk": 5, "fields": {"password": "pbkdf2_sha256$870000$dlmmrahx9bHYoi834X1Kvv$1hNv/sZHEYU/pwkbHFV2Gx25twFrPOF9taZFcTy5khY=", "last_login": "2025-06-29T17:32:57.719Z", "is_superuser": true, "username": "afhAdmin", "first_name": "", "last_name": "", "email": "afh@gmail.com", "is_staff": true, "is_active": true, "date_joined": "2025-06-12T21:45:52.047Z", "groups": [], "user_permissions": []}}, {"model": "auth.user", "pk": 6, "fields": {"password": "pbkdf2_sha256$870000$DvRcPhMExmBDqvUqQX7vfK$u+DQUwLgIYniwUEBMOGtNkzJ8/OF9tfeowJraeRsDqc=", "last_login": "2025-07-05T00:57:20.148Z", "is_superuser": true, "username": "afh_admin", "first_name": "", "last_name": "", "email": "sebas@gmail.com", "is_staff": true, "is_active": true, "date_joined": "2025-07-05T00:56:56.253Z", "groups": [], "user_permissions": []}}, {"model": "contenttypes.contenttype", "pk": 1, "fields": {"app_label": "admin", "model": "logentry"}}, {"model": "contenttypes.contenttype", "pk": 2, "fields": {"app_label": "auth", "model": "permission"}}, {"model": "contenttypes.contenttype", "pk": 3, "fields": {"app_label": "auth", "model": "group"}}, {"model": "contenttypes.contenttype", "pk": 4, "fields": {"app_label": "auth", "model": "user"}}, {"model": "contenttypes.contenttype", "pk": 5, "fields": {"app_label": "contenttypes", "model": "contenttype"}}, {"model": "contenttypes.contenttype", "pk": 6, "fields": {"app_label": "sessions", "model": "session"}}, {"model": "contenttypes.contenttype", "pk": 7, "fields": {"app_label": "authtoken", "model": "token"}}, {"model": "contenttypes.contenttype", "pk": 8, "fields": {"app_label": "authtoken", "model": "tokenproxy"}}, {"model": "contenttypes.contenttype", "pk": 9, "fields": {"app_label": "users", "model": "users"}}, {"model": "contenttypes.contenttype", "pk": 10, "fields": {"app_label": "tool", "model": "tool"}}, {"model": "contenttypes.contenttype", "pk": 11, "fields": {"app_label": "ticket", "model": "ticket"}}, {"model": "contenttypes.contenttype", "pk": 12, "fields": {"app_label": "passwordresetcode", "model": "passwordresetcode"}}, {"model": "contenttypes.contenttype", "pk": 13, "fields": {"app_label": "Quotes", "model": "quotes"}}, {"model": "contenttypes.contenttype", "pk": 14, "fields": {"app_label": "WorkOrder", "model": "workorder"}}, {"model": "contenttypes.contenttype", "pk": 15, "fields": {"app_label": "Customer", "model": "customer"}}, {"model": "contenttypes.contenttype", "pk": 16, "fields": {"app_label": "Option", "model": "option"}}, {"model": "contenttypes.contenttype", "pk": 17, "fields": {"app_label": "item", "model": "item"}}, {"model": "contenttypes.contenttype", "pk": 18, "fields": {"app_label": "Delivery_certificate", "model": "delivery_certificate"}}, {"model": "contenttypes.contenttype", "pk": 19, "fields": {"app_label": "exhibit", "model": "exhibit"}}, {"model": "sessions.session", "pk": "7hdangvi1abx1qboifzkupsbol9x25im", "fields": {"session_data": ".eJxVjEEOwiAQRe_C2pDCMNC6dO8ZCDMDUjVtUtqV8e7apAvd_vfef6mYtrXGreUljqLOCtXpd6PEjzztQO5pus2a52ldRtK7og_a9HWW_Lwc7t9BTa1-69LZ3g7OiOsGLEjEBRgtegBvHBEAMUsgz6UvHMAKcEByiMGIIafeH9rqN8w:1uPpkT:C2vGbo45LYKOpLvM1P_8V08M-iAVmsjwm4Gb73vWu-A", "expire_date": "2025-06-26T21:46:13.997Z"}}, {"model": "sessions.session", "pk": "xvot3rgfln1br3mdsxsvpo9nwdkiuucu", "fields": {"session_data": ".eJxVjEEOwiAQRe_C2pDCMNC6dO8ZCDMDUjVtUtqV8e7apAvd_vfef6mYtrXGreUljqLOCtXpd6PEjzztQO5pus2a52ldRtK7og_a9HWW_Lwc7t9BTa1-69LZ3g7OiOsGLEjEBRgtegBvHBEAMUsgz6UvHMAKcEByiMGIIafeH9rqN8w:1uVvth:wqmkTDXRGTzVqsU_WYY_5002Q0BP9vbJ-JAkeFth_98", "expire_date": "2025-07-13T17:32:57.751Z"}}, {"model": "authtoken.token", "pk": "0c843aa316d519498d5a3fe32bc762958a0ef4c2", "fields": {"user": 1, "created": "2025-07-05T01:01:39.502Z"}}, {"model": "authtoken.token", "pk": "27e428b54acc2f69bd3ff5e90cef826f3ca5f1e6", "fields": {"user": 2, "created": "2025-07-04T01:04:59.131Z"}}, {"model": "authtoken.token", "pk": "5a845e6d291e1cc6b6323cfa8a430fdebe68bb8b", "fields": {"user": 3, "created": "2025-05-24T12:24:12.212Z"}}, {"model": "users.users", "pk": 1, "fields": {"user": 2, "role": 1}}, {"model": "users.users", "pk": 2, "fields": {"user": 1, "role": 1}}, {"model": "users.users", "pk": 3, "fields": {"user": 4, "role": 2}}, {"model": "users.users", "pk": 4, "fields": {"user": 3, "role": 1}}, {"model": "tool.tool", "pk": 1, "fields": {"name": "taladro percutor pequeño ", "code": "TPP-1", "state": 1, "image": "https://res.cloudinary.com/dp4tvthea/image/upload/v1747771206/afhimages/vf3lefw2w9r2prpqycop.jpg", "marca": "wurth"}}, {"model": "tool.tool", "pk": 2, "fields": {"name": "Pulidora pequeña ", "code": "PP-1", "state": 1, "image": "https://res.cloudinary.com/dp4tvthea/image/upload/v1747771967/afhimages/h9zmtixyesqse84rtbcf.jpg", "marca": "dewalt"}}, {"model": "tool.tool", "pk": 3, "fields": {"name": "Pulidora mediana ", "code": "PM-1", "state": 1, "image": "https://res.cloudinary.com/dp4tvthea/image/upload/v1747773674/afhimages/iu19fjtrcwibpskrznxp.jpg", "marca": "dewalt"}}, {"model": "tool.tool", "pk": 4, "fields": {"name": "Pulidora inalambrica", "code": "PI-1", "state": 1, "image": "https://res.cloudinary.com/dp4tvthea/image/upload/v1747773732/afhimages/st5c77yvk4udhpodyy1t.jpg", "marca": "wurth"}}, {"model": "tool.tool", "pk": 5, "fields": {"name": "Pulidora mediana ", "code": "PM-2", "state": 1, "image": "https://res.cloudinary.com/dp4tvthea/image/upload/v1747773800/afhimages/cf41or0itvizltiotdpe.jpg", "marca": "makita"}}, {"model": "tool.tool", "pk": 6, "fields": {"name": "Mototool Grande ", "code": "MG-1", "state": 1, "image": "https://res.cloudinary.com/dp4tvthea/image/upload/v1747773845/afhimages/wsxpsdihivuybit5dsdj.jpg", "marca": "dewalt"}}, {"model": "tool.tool", "pk": 7, "fields": {"name": "Pistola de fijacion ", "code": "PDF-1", "state": 1, "image": "https://res.cloudinary.com/dp4tvthea/image/upload/v1747773898/afhimages/pwbqe0qzbfvlyiih087g.jpg", "marca": "Ramset"}}, {"model": "tool.tool", "pk": 8, "fields": {"name": "Sierra-sable ", "code": "S-1", "state": 1, "image": "https://res.cloudinary.com/dp4tvthea/image/upload/v1747773965/afhimages/tcq9oov3vt42dy5nurhg.jpg", "marca": "dewalt"}}, {"model": "tool.tool", "pk": 9, "fields": {"name": "Taladro percutor grande ", "code": "TPG-1", "state": 1, "image": "https://res.cloudinary.com/dp4tvthea/image/upload/v1747774044/afhimages/nvl0p8djsuwvbzxc4rz1.jpg", "marca": "Hitachi"}}, {"model": "tool.tool", "pk": 10, "fields": {"name": "Soplador apirador ", "code": "SA-1", "state": 1, "image": "https://res.cloudinary.com/dp4tvthea/image/upload/v1747774083/afhimages/ckcekvqmudxl1dfssdrv.jpg", "marca": "makita"}}, {"model": "tool.tool", "pk": 11, "fields": {"name": "Taladro percutor mediano", "code": "TPM-1", "state": 1, "image": "https://res.cloudinary.com/dp4tvthea/image/upload/v1747774153/afhimages/awuydfvbhyfc4ajlap1g.jpg", "marca": "dewalt"}}, {"model": "tool.tool", "pk": 12, "fields": {"name": "Pulidora pequeña ", "code": "PP-2", "state": 1, "image": "https://res.cloudinary.com/dp4tvthea/image/upload/v1747774193/afhimages/sfwxvfy0hrv9odvnykwo.jpg", "marca": "dewalt"}}, {"model": "tool.tool", "pk": 13, "fields": {"name": "Taladro grande de mandril ", "code": "TGDM-1", "state": 1, "image": "https://res.cloudinary.com/dp4tvthea/image/upload/v1747774239/afhimages/tjrx20ymvezlimnlbx7y.jpg", "marca": "dewalt"}}, {"model": "tool.tool", "pk": 14, "fields": {"name": "Mototool pequeño ", "code": "MP-1", "state": 1, "image": "https://res.cloudinary.com/dp4tvthea/image/upload/v1747774288/afhimages/iovuyofkzoph06tb5dce.jpg", "marca": "Black and decker"}}, {"model": "tool.tool", "pk": 15, "fields": {"name": "Pulidora grande ", "code": "PG-1", "state": 1, "image": "https://res.cloudinary.com/dp4tvthea/image/upload/v1747774345/afhimages/h97dsesagctxu05x5ox5.jpg", "marca": "dewalt"}}, {"model": "tool.tool", "pk": 16, "fields": {"name": "Cautin grande ", "code": "CG-1", "state": 1, "image": "https://res.cloudinary.com/dp4tvthea/image/upload/v1747774378/afhimages/cstyw1ewhinhqzeohic9.jpg", "marca": "Truper"}}, {"model": "tool.tool", "pk": 17, "fields": {"name": "Taladro percutor pequeño ", "code": "TPP-2", "state": 1, "image": "https://res.cloudinary.com/dp4tvthea/image/upload/v1747774426/afhimages/vrdkgrwasnny08g2oupw.jpg", "marca": "wurth"}}, {"model": "tool.tool", "pk": 18, "fields": {"name": "Pulidora grande ", "code": "PG-2", "state": 1, "image": "https://res.cloudinary.com/dp4tvthea/image/upload/v1747774471/afhimages/q1ztfcjv41mj0y0ye0q4.jpg", "marca": "makita"}}, {"model": "tool.tool", "pk": 21, "fields": {"name": "Taladro percutor pequeño ", "code": "TPP-3", "state": 1, "image": "https://res.cloudinary.com/dp4tvthea/image/upload/v1747774544/afhimages/n6ddjakjiidpx7ftyhhh.jpg", "marca": "makita"}}, {"model": "tool.tool", "pk": 22, "fields": {"name": "Pulidora pequeña ", "code": "PP-3", "state": 1, "image": "https://res.cloudinary.com/dp4tvthea/image/upload/v1747774616/afhimages/asnvpncylcceko50itxj.jpg", "marca": "dewalt"}}, {"model": "tool.tool", "pk": 23, "fields": {"name": "Taladro percutor grande ", "code": "TPG-2", "state": 1, "image": "https://res.cloudinary.com/dp4tvthea/image/upload/v1747774653/afhimages/stfxv3fj7pru67jxm38a.jpg", "marca": "dewalt"}}, {"model": "tool.tool", "pk": 24, "fields": {"name": "Martillo demoledor ", "code": "MD-1", "state": 1, "image": "https://res.cloudinary.com/dp4tvthea/image/upload/v1747774696/afhimages/gmjek7je7cbqwo0kcfgp.jpg", "marca": "dewalt"}}, {"model": "tool.tool", "pk": 25, "fields": {"name": "Hidro lavadora", "code": "HL-1", "state": 1, "image": "https://res.cloudinary.com/dp4tvthea/image/upload/v1747774739/afhimages/bkfabtdkcdvib0jwglnh.jpg", "marca": "wurth"}}, {"model": "tool.tool", "pk": 26, "fields": {"name": "maquina de soldar inversor", "code": "MDSI-1", "state": 1, "image": "https://res.cloudinary.com/dp4tvthea/image/upload/v1747774783/afhimages/b9ogcjptyqcikbs0x5yh.jpg", "marca": "Black panther"}}, {"model": "tool.tool", "pk": 29, "fields": {"name": "maquina de soldar inversor", "code": "MDSI-4", "state": 1, "image": "https://res.cloudinary.com/dp4tvthea/image/upload/v1747774926/afhimages/ttjk1bblh6oxkgu4kwit.jpg", "marca": "Power pwd"}}, {"model": "tool.tool", "pk": 30, "fields": {"name": "maquina de soldar inversor", "code": "MDSI-2", "state": 1, "image": "https://res.cloudinary.com/dp4tvthea/image/upload/v1747775296/afhimages/qokzcxswghgclntkx7wx.jpg", "marca": "Lantini italy"}}, {"model": "tool.tool", "pk": 32, "fields": {"name": "maquina de soldar inversor", "code": "MDSI-3", "state": 1, "image": "https://res.cloudinary.com/dp4tvthea/image/upload/v1747775334/afhimages/wc50nlcjosatpkvgiomm.jpg", "marca": "Mega force "}}, {"model": "tool.tool", "pk": 33, "fields": {"name": "Pulidora grande ", "code": "PG-3", "state": 1, "image": "https://res.cloudinary.com/dp4tvthea/image/upload/v1747775385/afhimages/qsdjuu6y73v2353i631p.jpg", "marca": "dewalt"}}, {"model": "tool.tool", "pk": 34, "fields": {"name": "Taladro inalambrico", "code": "TI-1", "state": 1, "image": "https://res.cloudinary.com/dp4tvthea/image/upload/v1747775418/afhimages/ypiqvvjf7ojjufybxfph.jpg", "marca": "wurth"}}, {"model": "tool.tool", "pk": 35, "fields": {"name": "Pulidora grande ", "code": "PG-4", "state": 1, "image": "https://res.cloudinary.com/dp4tvthea/image/upload/v1747775441/afhimages/mwjelqfcsjsuphuen6ud.jpg", "marca": "Hilti"}}, {"model": "tool.tool", "pk": 36, "fields": {"name": "Arnes azul de 4 argollas ", "code": "AAD4A-1", "state": 1, "image": "https://res.cloudinary.com/dp4tvthea/image/upload/v1748295508/afhimages/j54v9nvuwxghfuw0pxt9.jpg", "marca": "Arseg"}}, {"model": "tool.tool", "pk": 37, "fields": {"name": "Arnes azul de 4 argollas ", "code": "AAD4A-2", "state": 1, "image": "https://res.cloudinary.com/dp4tvthea/image/upload/v1748295576/afhimages/qyucrnxi2f3i34uct7zs.jpg", "marca": "Arseg"}}, {"model": "tool.tool", "pk": 38, "fields": {"name": "Eslinga doble con absorbedor de impacto", "code": "EDCADI-1", "state": 1, "image": "https://res.cloudinary.com/dp4tvthea/image/upload/v1748295635/afhimages/ekfvaijzhctrar6d8tll.jpg", "marca": "3M"}}, {"model": "tool.tool", "pk": 39, "fields": {"name": "Eslinga doble con absorbedor de impacto", "code": "EDCADI-2", "state": 1, "image": "https://res.cloudinary.com/dp4tvthea/image/upload/v1748295664/afhimages/ogealwkbkpuxgzewovaq.jpg", "marca": "3M"}}, {"model": "tool.tool", "pk": 40, "fields": {"name": "Extractor  hidraulico", "code": "EH-1", "state": 1, "image": "https://res.cloudinary.com/dp4tvthea/image/upload/v1748295716/afhimages/qiputdi9k0bhj9k4mhsx.jpg", "marca": "Omar star "}}, {"model": "tool.tool", "pk": 41, "fields": {"name": "Pulidora pequeña ", "code": "PP-4", "state": 1, "image": "https://res.cloudinary.com/dp4tvthea/image/upload/v1748295754/afhimages/jwkudejcoqlu1zzglyme.jpg", "marca": "wurth"}}, {"model": "tool.tool", "pk": 42, "fields": {"name": "Lijadora orbital cuadrada ", "code": "LOC-1", "state": 1, "image": "https://res.cloudinary.com/dp4tvthea/image/upload/v1748295787/afhimages/tu2wragahrsxjnl75zaq.jpg", "marca": "dewalt"}}, {"model": "tool.tool", "pk": 43, "fields": {"name": "Eslinga doble con absorbedor de impacto", "code": "EDCADI-3", "state": 1, "image": "https://res.cloudinary.com/dp4tvthea/image/upload/v1748295834/afhimages/qcfg48dcjatrhzmsl3cu.jpg", "marca": "3M"}}, {"model": "tool.tool", "pk": 44, "fields": {"name": "Eslinga doble con absorbedor de impacto", "code": "EDCADI-4", "state": 1, "image": "https://res.cloudinary.com/dp4tvthea/image/upload/v1748295881/afhimages/bhsagpt11u02avdmjnqe.jpg", "marca": "Arseg"}}, {"model": "tool.tool", "pk": 45, "fields": {"name": "Eslinga doble con absorbedor de impacto", "code": "EDCADI-5", "state": 1, "image": "https://res.cloudinary.com/dp4tvthea/image/upload/v1748295901/afhimages/xatptyc0twjx5q4zxjbg.jpg", "marca": "Arseg"}}, {"model": "tool.tool", "pk": 46, "fields": {"name": "Arnes de 4 argollas ", "code": "AD4A-1", "state": 1, "image": "https://res.cloudinary.com/dp4tvthea/image/upload/v1748295951/afhimages/rdtj6dusqc0fw0edukbo.jpg", "marca": "MSA "}}, {"model": "tool.tool", "pk": 47, "fields": {"name": "Taladro grande de mandril ", "code": "TGDM-2", "state": 1, "image": "https://res.cloudinary.com/dp4tvthea/image/upload/v1748295994/afhimages/kgxgmi9honav0nwvftl4.jpg", "marca": "wurth"}}, {"model": "tool.tool", "pk": 48, "fields": {"name": "Lampara inalambrica ", "code": "LI-1", "state": 1, "image": "https://res.cloudinary.com/dp4tvthea/image/upload/v1748296028/afhimages/xuiirgz3kpsnulhadnn6.jpg", "marca": "wurth"}}, {"model": "tool.tool", "pk": 58, "fields": {"name": "Medidor de flujo de acetileno ", "code": "MDFDA-1", "state": 1, "image": "https://res.cloudinary.com/dp4tvthea/image/upload/v1748296396/afhimages/zcgdni62hfilttmwdo3z.jpg", "marca": "Black panther"}}, {"model": "tool.tool", "pk": 59, "fields": {"name": "Remachadora tuerca manual ", "code": "RTM-1", "state": 1, "image": "https://res.cloudinary.com/dp4tvthea/image/upload/v1748296472/afhimages/yngebzzcazbrckkj1ln2.jpg", "marca": "wurth"}}, {"model": "tool.tool", "pk": 60, "fields": {"name": "Medidor de flujo de acetileno ", "code": "MDFDA-2", "state": 1, "image": "https://res.cloudinary.com/dp4tvthea/image/upload/v1748296571/afhimages/jtotkjr2mblkowst3sek.jpg", "marca": "Black panther"}}, {"model": "tool.tool", "pk": 61, "fields": {"name": "Medidor de flujo de acetileno ", "code": "MDFDA-3", "state": 1, "image": "https://res.cloudinary.com/dp4tvthea/image/upload/v1748296593/afhimages/cwpajyjpvg9hm7rlwgk9.jpg", "marca": "Black panther"}}, {"model": "tool.tool", "pk": 62, "fields": {"name": "BoquIlla de calentar oxiacetilénica", "code": "BDCO-1", "state": 1, "image": "https://res.cloudinary.com/dp4tvthea/image/upload/v1748296712/afhimages/uckr7mautgh4tplfodpr.jpg", "marca": "victor"}}, {"model": "tool.tool", "pk": 63, "fields": {"name": "Boqulilla soldar oxiacetilenica 5", "code": "BSO5-1", "state": 1, "image": "https://res.cloudinary.com/dp4tvthea/image/upload/v1748296741/afhimages/ckfhxxa9uhxkagcjprsh.jpg", "marca": "victor"}}, {"model": "tool.tool", "pk": 64, "fields": {"name": "Boqulilla soldar oxiacetilenica 2", "code": "BSO2-1", "state": 1, "image": "https://res.cloudinary.com/dp4tvthea/image/upload/v1748296770/afhimages/gkux03unyxqhrpz1nz2e.jpg", "marca": "victor"}}, {"model": "tool.tool", "pk": 65, "fields": {"name": "Boqulilla  soldar oxiacetilenica 3", "code": "BSO3-1", "state": 1, "image": "https://res.cloudinary.com/dp4tvthea/image/upload/v1748296796/afhimages/no35zarmhtgg28f9gggf.jpg", "marca": "victor"}}, {"model": "tool.tool", "pk": 69, "fields": {"name": "Taladro inalambrico", "code": "TI-2", "state": 1, "image": "https://res.cloudinary.com/dp4tvthea/image/upload/v1748297060/afhimages/lpjxyhpequhygedduiqm.jpg", "marca": "wurth"}}, {"model": "tool.tool", "pk": 70, "fields": {"name": "maquina de soldar inversor", "code": "MDSI-5", "state": 1, "image": "https://res.cloudinary.com/dp4tvthea/image/upload/v1748297110/afhimages/u3bylv9nawdqykrefaxl.jpg", "marca": "wurth"}}, {"model": "tool.tool", "pk": 71, "fields": {"name": "Medidor de flujo de acetileno ", "code": "MDFDA-4", "state": 1, "image": "https://res.cloudinary.com/dp4tvthea/image/upload/v1748297132/afhimages/vjcqjwkprviekdyj3zsb.jpg", "marca": "Black panther"}}, {"model": "tool.tool", "pk": 72, "fields": {"name": "Juego  multipuntas de 10 piezas", "code": "JMD1P-1", "state": 1, "image": "https://res.cloudinary.com/dp4tvthea/image/upload/v1748297165/afhimages/reahkf6cugdpndbpmrvd.jpg", "marca": "wurth"}}, {"model": "tool.tool", "pk": 73, "fields": {"name": "Pulidora grande ", "code": "PG-5", "state": 1, "image": "https://res.cloudinary.com/dp4tvthea/image/upload/v1748297193/afhimages/cjmpu0f29a0ns59iyphs.jpg", "marca": "dewalt"}}, {"model": "tool.tool", "pk": 74, "fields": {"name": "Maquina de soldar semi automatica ", "code": "MDSSA-1", "state": 1, "image": "https://res.cloudinary.com/dp4tvthea/image/upload/v1748297226/afhimages/e1inrxulnckpbclajnsi.jpg", "marca": "Power pwd"}}, {"model": "tool.tool", "pk": 75, "fields": {"name": "Aceitera ", "code": "A-1", "state": 1, "image": "https://res.cloudinary.com/dp4tvthea/image/upload/v1748297252/afhimages/hkzjq0nuhc7xrccuktjl.jpg", "marca": "wurth"}}, {"model": "tool.tool", "pk": 76, "fields": {"name": "Gato hidraulico ", "code": "GH-1", "state": 1, "image": "https://res.cloudinary.com/dp4tvthea/image/upload/v1748297298/afhimages/nc9uogr8vn8msanaqwti.jpg", "marca": "Hermar"}}, {"model": "tool.tool", "pk": 77, "fields": {"name": "Rache con cuadrante de 1/2\"", "code": "RCCD1-1", "state": 1, "image": "https://res.cloudinary.com/dp4tvthea/image/upload/v1748297381/afhimages/zfqadvdle267piwy2l2z.jpg", "marca": "Stanley"}}, {"model": "tool.tool", "pk": 78, "fields": {"name": "Tronzadora", "code": "T-2", "state": 1, "image": "https://res.cloudinary.com/dp4tvthea/image/upload/v1749758194/afhimages/fnkuksqow6llct0ijdrj.jpg", "marca": "DEWALT"}}, {"model": "tool.tool", "pk": 85, "fields": {"name": "Pulidora", "code": "P-2", "state": 1, "image": "https://res.cloudinary.com/dp4tvthea/image/upload/v1749758490/afhimages/br2kxj2encbz2j9i50ar.jpg", "marca": "TRUPER"}}, {"model": "tool.tool", "pk": 86, "fields": {"name": "Maquina Soldar", "code": "MS-2", "state": 1, "image": "https://res.cloudinary.com/dp4tvthea/image/upload/v1749758553/afhimages/gc7rqbutoemhpnnmywbm.jpg", "marca": "SMAW 110V-220"}}, {"model": "tool.tool", "pk": 87, "fields": {"name": "Soldador mig 300", "code": "SM3-1", "state": 1, "image": "https://res.cloudinary.com/dp4tvthea/image/upload/v1749758602/afhimages/envvqqjtnde3savmrsbg.jpg", "marca": "ELITE"}}, {"model": "tool.tool", "pk": 106, "fields": {"name": "Torno", "code": "T-2", "state": 1, "image": "https://res.cloudinary.com/dp4tvthea/image/upload/v1749759217/afhimages/xam0qnju7hma1jkqawv2.jpg", "marca": "AZUL"}}, {"model": "tool.tool", "pk": 107, "fields": {"name": "Plataforma con polipasto", "code": "PCP-1", "state": 1, "image": "https://res.cloudinary.com/dp4tvthea/image/upload/v1749759290/afhimages/nydi2c1twftxcwgmcvl7.jpg", "marca": " "}}, {"model": "tool.tool", "pk": 108, "fields": {"name": "Maquina electroestatica", "code": "ME-1", "state": 1, "image": "https://res.cloudinary.com/dp4tvthea/image/upload/v1749759345/afhimages/a7gpuswog4esezp9dvbs.jpg", "marca": " "}}, {"model": "tool.tool", "pk": 109, "fields": {"name": "Maquina electroestatica", "code": "ME-2", "state": 1, "image": "https://res.cloudinary.com/dp4tvthea/image/upload/v1749759377/afhimages/ebid6aqjiuizapcgh63j.jpg", "marca": " "}}, {"model": "tool.tool", "pk": 110, "fields": {"name": "Compresor", "code": "C-1", "state": 1, "image": "https://res.cloudinary.com/dp4tvthea/image/upload/v1749759426/afhimages/salvfxresib8raisdz1z.jpg", "marca": "ROJO"}}, {"model": "tool.tool", "pk": 117, "fields": {"name": "Flexometro 8\"", "code": "F8-1", "state": 1, "image": "https://res.cloudinary.com/dp4tvthea/image/upload/v1750100870/afhimages/ikkgvuryuappfporpvla.jpg", "marca": "Milwaukee"}}, {"model": "tool.tool", "pk": 118, "fields": {"name": "Taladro Inhalambrico TI06", "code": "TIT-1", "state": 1, "image": "https://res.cloudinary.com/dp4tvthea/image/upload/v1750100900/afhimages/zkoaznjdmjlg9kyesr1o.jpg", "marca": "Milwaukee"}}, {"model": "tool.tool", "pk": 119, "fields": {"name": "Pulidora Inhalambrica PI014", "code": "PIP-1", "state": 1, "image": "https://res.cloudinary.com/dp4tvthea/image/upload/v1750100936/afhimages/nfudemohm4fokr2v4vim.jpg", "marca": "Milwaukee"}}, {"model": "tool.tool", "pk": 120, "fields": {"name": "Taladro SDS PLUS", "code": "TSP-1", "state": 1, "image": "https://res.cloudinary.com/dp4tvthea/image/upload/v1750100977/afhimages/wkixfpg7lbp1cdvnlv85.jpg", "marca": "DeWalt"}}, {"model": "tool.tool", "pk": 121, "fields": {"name": "Juego Taladro Inhalambrico TI3453", "code": "JTIT-1", "state": 1, "image": "https://res.cloudinary.com/dp4tvthea/image/upload/v1750101468/afhimages/jbvextuegphrohbdeeyi.jpg", "marca": "DeWalt"}}, {"model": "tool.tool", "pk": 122, "fields": {"name": "Pulidora Pequeña PP023", "code": "PPP-1", "state": 1, "image": "https://res.cloudinary.com/dp4tvthea/image/upload/v1750101584/afhimages/xdcp6u9insmtucmwammh.jpg", "marca": "Web"}}, {"model": "tool.tool", "pk": 123, "fields": {"name": "Maquina de soldar 180", "code": "MDS1-1", "state": 1, "image": "https://res.cloudinary.com/dp4tvthea/image/upload/v1750362117/afhimages/deht4rwrustgguhtc52c.jpg", "marca": "Lincoln"}}, {"model": "tool.tool", "pk": 124, "fields": {"name": "Esmeril de banco pequeño ", "code": "EDBP-1", "state": 1, "image": "https://res.cloudinary.com/dp4tvthea/image/upload/v1750362746/afhimages/nermnbkusghqzy3x9glv.jpg", "marca": " "}}, {"model": "tool.tool", "pk": 125, "fields": {"name": "Taladro de árbol pequeño", "code": "TDÁP-1", "state": 1, "image": "https://res.cloudinary.com/dp4tvthea/image/upload/v1750362824/afhimages/bmsv39dyw8pec4a3xh7d.jpg", "marca": " "}}, {"model": "tool.tool", "pk": 126, "fields": {"name": "Taladro de árbol", "code": "TDÁ-1", "state": 1, "image": "https://res.cloudinary.com/dp4tvthea/image/upload/v1750362911/afhimages/dvf0ewhcubjrn3ghrtuv.jpg", "marca": "Joya"}}, {"model": "tool.tool", "pk": 127, "fields": {"name": "Taladro de árbol ", "code": "TDÁ-1", "state": 1, "image": "https://res.cloudinary.com/dp4tvthea/image/upload/v1750362966/afhimages/kiuyn36akjgpnhak9mvw.jpg", "marca": " "}}, {"model": "tool.tool", "pk": 128, "fields": {"name": "Taladro de árbol", "code": "TDÁ-2", "state": 1, "image": "https://res.cloudinary.com/dp4tvthea/image/upload/v1750363019/afhimages/dvsujmvubornkhpydxbu.jpg", "marca": "Elite"}}, {"model": "tool.tool", "pk": 129, "fields": {"name": "Taladro de árbol", "code": "TDÁ-3", "state": 1, "image": "https://res.cloudinary.com/dp4tvthea/image/upload/v1750363096/afhimages/waamazkgrsjivrw8jkx7.jpg", "marca": "Bauker"}}, {"model": "tool.tool", "pk": 130, "fields": {"name": "Maquina de soldar mig 200", "code": "MDSM2-1", "state": 1, "image": "https://res.cloudinary.com/dp4tvthea/image/upload/v1750363185/afhimages/moq9bxfge3tpovgt8vof.jpg", "marca": "Würth"}}, {"model": "tool.tool", "pk": 131, "fields": {"name": "Pulidora Amarilla", "code": "PA-1", "state": 1, "image": "https://res.cloudinary.com/dp4tvthea/image/upload/v1750365938/afhimages/euebxccpvspz70qreilo.jpg", "marca": "DEWALT"}}, {"model": "tool.tool", "pk": 132, "fields": {"name": "Esmeril de banco grande ", "code": "EDBG-1", "state": 1, "image": "https://res.cloudinary.com/dp4tvthea/image/upload/v1750366231/afhimages/obswuitn1nfkqfeile7j.jpg", "marca": "Toolcraft"}}, {"model": "tool.tool", "pk": 133, "fields": {"name": "Pulidora Grande ", "code": "PG-6", "state": 1, "image": "https://res.cloudinary.com/dp4tvthea/image/upload/v1750366285/afhimages/gbz2s4xacabmf5dhlgvx.jpg", "marca": "Total"}}, {"model": "tool.tool", "pk": 134, "fields": {"name": "Pulidora Dewalt mediana", "code": "PDM-1", "state": 1, "image": "https://res.cloudinary.com/dp4tvthea/image/upload/v1750366335/afhimages/a3cv8t3xbpkedekditmi.jpg", "marca": "DeWalt"}}, {"model": "tool.tool", "pk": 135, "fields": {"name": "Taladro", "code": "T-1", "state": 1, "image": "https://res.cloudinary.com/dp4tvthea/image/upload/v1750366369/afhimages/zv4e0vqd2h6uozcts45k.jpg", "marca": "DeWalt"}}, {"model": "tool.tool", "pk": 136, "fields": {"name": "Pulidora pequeña ", "code": "PP-5", "state": 1, "image": "https://res.cloudinary.com/dp4tvthea/image/upload/v1750366424/afhimages/gmq12tiqorvud3warrov.jpg", "marca": "Total"}}, {"model": "tool.tool", "pk": 137, "fields": {"name": "Medidor de espesor de pintura", "code": "MDEDP-1", "state": 1, "image": "https://res.cloudinary.com/dp4tvthea/image/upload/v1750366509/afhimages/ofrnolbgrnzqtv4ibcxh.jpg", "marca": "3M"}}, {"model": "tool.tool", "pk": 138, "fields": {"name": "Cautin tipo lápiz (Naranja)", "code": "CTL(-1", "state": 1, "image": "https://res.cloudinary.com/dp4tvthea/image/upload/v1750366637/afhimages/zqikdooiy7fetvtey0mx.jpg", "marca": " "}}, {"model": "ticket.ticket", "pk": 1, "fields": {"description": "trabajo", "applicant": 1, "receiver": 1, "place": "manuelita", "entry_date": "2025-05-20T20:16:58.695Z", "departure_date": "2025-05-20T20:19:46.066Z", "state": 4, "responsible": "AFH", "tools": [1, 2]}}, {"model": "ticket.ticket", "pk": 2, "fields": {"description": "Lleva Omar", "applicant": 4, "receiver": 1, "place": "Unicentro", "entry_date": "2025-05-24T12:30:52.318Z", "departure_date": "2025-05-24T14:01:00.658Z", "state": 4, "responsible": "AFH", "tools": [4]}}, {"model": "ticket.ticket", "pk": 3, "fields": {"description": "Herramienta para proyecto cobertura oficinas de Del Alba", "applicant": 4, "receiver": 1, "place": "Cali - Del Alba", "entry_date": "2025-06-12T20:42:57.459Z", "departure_date": "2025-06-18T12:40:07.064Z", "state": 4, "responsible": "AFH", "tools": [7, 25, 35]}}, {"model": "Quotes.quotes", "pk": 14, "fields": {"code": "1-2025", "customer": 4, "description": "ACONDICIONAMIENTO LOCATIVO CUBIERTA LAVADO DE CESTILLO PARA EVITAR EL ALOJAMIENTO DE AVES", "issue_date": "2025-07-04", "state": 2, "options": 20, "tasks": ["Replanteo de dimensiones", "Retoque de pintura ", "Armado de andamios", "Gestión de compra de materiales", "Instalación de estructura", "Orden y aseo en el área", "Transporte de materiales a el sitio de trabajo", "Instalación de malla plástica", "Entrega a el interventor"], "iva": "0.19", "utility": "0.00", "unforeseen": "0.00", "administration": "0.00", "revision": 2, "construction": "", "method_of_payment": "100% A 30 días", "contractor_materials": null, "contracting_materials": null, "delivery_time": "36 días hábiles"}}, {"model": "Quotes.quotes", "pk": 15, "fields": {"code": "2-2025", "customer": 4, "description": "Descripcion de trabajo ejemplo", "issue_date": "2025-07-04", "state": 2, "options": 21, "tasks": ["Ejemplo tarea 1"], "iva": "0.19", "utility": "0.00", "unforeseen": "0.00", "administration": "0.00", "revision": 1, "construction": null, "method_of_payment": "100% A 30 dias", "contractor_materials": null, "contracting_materials": null, "delivery_time": "36 días hábiles"}}, {"model": "Quotes.quotes", "pk": 17, "fields": {"code": "3-2025", "customer": 5, "description": "EJECUCIÓN DE ÓRDENES DE TRABAJO # 8753, 8754, 8755, 8756, 8757", "issue_date": "2025-07-05", "state": 2, "options": 23, "tasks": ["Replanteo de dimensiones ", "Gestión de compra de materiales ", "Traslado de materiales a el sitio ", "Armado de andamios certificados ", "Control y bloqueo de energías peligrosas ", "Desmonte de estructura en mal estado ", "Armado de estructura nueva ", "Aplicación de pintura ", "Desarme de andamios ", "Orden y aseo en el área ", "Entrega a satisfacción a el interventor "], "iva": "0.19", "utility": "0.00", "unforeseen": "0.00", "administration": "0.00", "revision": 1, "construction": null, "method_of_payment": "40% anticipo y 60% a 30 días entrega a satisfacción ", "contractor_materials": null, "contracting_materials": null, "delivery_time": "36 días hábiles"}}, {"model": "Quotes.quotes", "pk": 18, "fields": {"code": "4-2025", "customer": 5, "description": "MANTENIMIENTO GENERAL A JARDINES (JUNIO)", "issue_date": "2025-07-09", "state": 2, "options": 24, "tasks": ["Cerramiento de área a intervenir", "Corte de pasto", "recoger y retirar de planta pasto cortado", "Aplicación de veneno a el rededor del cerramiento", "Corte de swinglea"], "iva": "0.19", "utility": "0.00", "unforeseen": "0.00", "administration": "0.00", "revision": 1, "construction": null, "method_of_payment": "100% A 30 días", "contractor_materials": ["El suministro de elementos de protección personal (Guantes, respiradores, botas etc.)", "El suministro de herramientas (manuales) y eléctricas", "El suministro de personal capacitado para el desarrollo del trabajo", "El suministro de materiales y consumibles necesarios para el desarrollo del trabajo"], "contracting_materials": ["La disposición del sitio de trabajo", "•\tEl suministro de energía 110v, 220 "], "delivery_time": "15 días hábiles "}}, {"model": "Quotes.quotes", "pk": 19, "fields": {"code": "5-2025", "customer": 7, "description": "TRABAJOS LOCATIVOS OBRA VERONA", "issue_date": "2025-07-11", "state": 2, "options": 25, "tasks": ["Suministro de materiales.", "Fabricación", "Transporte, entrega en obra y instalación "], "iva": "0.19", "utility": "0.05", "unforeseen": "0.05", "administration": "0.05", "revision": 2, "construction": "CONSTRUCTORA SOLANILLAS S.A.S", "method_of_payment": "100% A 30 días", "contractor_materials": ["•\tEl suministro de elementos de protección personal (Guantes, respiradores, botas)", "•\tEl suministro de herramientas (manuales) y eléctricas.", "•\tEl suministro de personal capacitado para el desarrollo del trabajo.", "•\tEl suministro de materiales y consumibles necesarios para el desarrollo del trabajo"], "contracting_materials": ["•\tLa disposición del sitio de trabajo", "•\tEl suministro de energía 110v, 220 "], "delivery_time": "12 días hábiles "}}, {"model": "Quotes.quotes", "pk": 20, "fields": {"code": "6-2025", "customer": 6, "description": "SUMINISTRO, CONSTRUCCIÓN Y MONTAJE DE CERRAMIENTO PERIMETRAL  SEGÚN PLANO", "issue_date": "2025-07-17", "state": 1, "options": 26, "tasks": ["gestion de compra de materiales", "replanteo de dimensiones", "seccionamiento y armado", "montaje", "aplicacion de pintura"], "iva": "0.19", "utility": "0.00", "unforeseen": "0.00", "administration": "0.00", "revision": 1, "construction": null, "method_of_payment": "30% de anticipo, 70% en actas de avance quincenales. ", "contractor_materials": ["El suministro de personal capacitado para el desarrollo del trabajo. "], "contracting_materials": ["La disposición del sitio de trabajo"], "delivery_time": "El tiempo estimado para la realización de los trabajos es de 25 días hábiles. "}}, {"model": "WorkOrder.workorder", "pk": 2, "fields": {"quote": 15, "start_date": "2025-07-07", "end_date": "2025-07-11", "description": "Descripcion de orden de trabajo ejemplo", "workplace": 1, "number_technicians": 1, "number_officers": 0, "number_auxiliaries": 1, "activity": 2, "permissions": ["Trabajo en alturas", "Espacios confinados", "Trabajo en caliente"], "number_supervisors": 1}}, {"model": "WorkOrder.workorder", "pk": 3, "fields": {"quote": 17, "start_date": "2025-07-09", "end_date": "2025-07-16", "description": "EJECUCIÓN DE ÓRDENES DE TRABAJO # 8753, 8754, 8755, 8756, 8757", "workplace": 1, "number_technicians": 2, "number_officers": 1, "number_auxiliaries": 2, "activity": 2, "permissions": ["Trabajo en alturas", "Trabajo en caliente", "ATS (análisis de trabajo)", "Izajes de cargas"], "number_supervisors": 1}}, {"model": "WorkOrder.workorder", "pk": 4, "fields": {"quote": 19, "start_date": "2025-07-17", "end_date": "2025-07-30", "description": "TRABAJOS LOCATIVOS OBRA VERONA", "workplace": 1, "number_technicians": 3, "number_officers": 1, "number_auxiliaries": 2, "activity": 2, "permissions": ["Trabajo en alturas", "Espacios confinados", "Trabajo en caliente", "ATS (análisis de trabajo)"], "number_supervisors": 1}}, {"model": "WorkOrder.workorder", "pk": 5, "fields": {"quote": 19, "start_date": "2025-07-17", "end_date": "2025-07-30", "description": "TRABAJOS LOCATIVOS OBRA VERONA", "workplace": 1, "number_technicians": 3, "number_officers": 1, "number_auxiliaries": 2, "activity": 2, "permissions": ["Trabajo en alturas", "Espacios confinados", "Trabajo en caliente", "ATS (análisis de trabajo)"], "number_supervisors": 1}}, {"model": "WorkOrder.workorder", "pk": 6, "fields": {"quote": 19, "start_date": "2025-07-17", "end_date": "2025-07-30", "description": "TRABAJOS LOCATIVOS OBRA VERONA", "workplace": 1, "number_technicians": 3, "number_officers": 1, "number_auxiliaries": 2, "activity": 2, "permissions": ["Trabajo en alturas", "Espacios confinados", "Trabajo en caliente", "ATS (análisis de trabajo)"], "number_supervisors": 1}}, {"model": "Customer.customer", "pk": 4, "fields": {"name": "ALQUERIA S.A.S", "email": "ramado@alqueria.com.co  ", "phone": "3203339806", "post": "Coordinador de Compra ", "representative": "Renson Amado García"}}, {"model": "Customer.customer", "pk": 5, "fields": {"name": "DEL ALBA S.A", "email": "jefemantenimiento@delalba.com.co", "phone": "3115482361", "post": "Jefe de Mantenimiento ", "representative": "Hector Moreno"}}, {"model": "Customer.customer", "pk": 6, "fields": {"name": "DEL ALBA S.A", "email": "productividad@delalba.com.co", "phone": "3246527571", "post": "Jefe de Productividad", "representative": "Libardo Restrepo"}}, {"model": "Customer.customer", "pk": 7, "fields": {"name": "SOLANILLAS S.A.S", "email": "julio.hoyos@solanillas.com", "phone": "3201258412", "post": "Residente de Obra", "representative": "Julio Cesar Hoyos Franco"}}, {"model": "Option.option", "pk": 7, "fields": {"name": "Opción para ACONDICIONAMIENTO LOCATIVO CUBIERTA LAVADO DE ", "items": [10]}}, {"model": "Option.option", "pk": 8, "fields": {"name": "Opción para ACONDICIONAMIENTO LOCATIVO CUBIERTA LAVADO DE ", "items": [11]}}, {"model": "Option.option", "pk": 9, "fields": {"name": "Opción para ACONDICIONAMIENTO LOCATIVO CUBIERTA LAVADO DE ", "items": [12]}}, {"model": "Option.option", "pk": 10, "fields": {"name": "Opción para ACONDICIONAMIENTO LOCATIVO CUBIERTA LAVADO DE ", "items": [13]}}, {"model": "Option.option", "pk": 11, "fields": {"name": "Opción para ACONDICIONAMIENTO LOCATIVO CUBIERTA LAVADO DE ", "items": [14]}}, {"model": "Option.option", "pk": 12, "fields": {"name": "Opción para ACONDICIONAMIENTO LOCATIVO CUBIERTA LAVADO DE ", "items": [15]}}, {"model": "Option.option", "pk": 13, "fields": {"name": "Opción para ", "items": [16]}}, {"model": "Option.option", "pk": 14, "fields": {"name": "Opción para Construccion cubierta", "items": [31]}}, {"model": "Option.option", "pk": 15, "fields": {"name": "Opción para Construccion cubierta", "items": [32]}}, {"model": "Option.option", "pk": 16, "fields": {"name": "Opción para ACONDICIONAMIENTO LOCATIVO CUBIERTA LAVADO DE ", "items": [33]}}, {"model": "Option.option", "pk": 17, "fields": {"name": "Opción para ACONDICIONAMIENTO LOCATIVO CUBIERTA LAVADO DE ", "items": [34]}}, {"model": "Option.option", "pk": 18, "fields": {"name": "Opción para Construccion cubierta", "items": [35]}}, {"model": "Option.option", "pk": 19, "fields": {"name": "Opción para prueba", "items": [36]}}, {"model": "Option.option", "pk": 20, "fields": {"name": "Opción paraALQUERIA S.A.S", "items": [41]}}, {"model": "Option.option", "pk": 21, "fields": {"name": "Opción paraALQUERIA S.A.S", "items": [42]}}, {"model": "Option.option", "pk": 22, "fields": {"name": "Opción paraALQUERIA S.A.S", "items": [43]}}, {"model": "Option.option", "pk": 23, "fields": {"name": "Opción paraDEL ALBA S.A", "items": [44, 45, 46, 47, 48, 49]}}, {"model": "Option.option", "pk": 24, "fields": {"name": "Opción paraDEL ALBA S.A", "items": [50]}}, {"model": "Option.option", "pk": 25, "fields": {"name": "Opción paraSOLANILLAS S.A.S", "items": [51, 52]}}, {"model": "Option.option", "pk": 26, "fields": {"name": "Opción paraDEL ALBA S.A", "items": [53, 54]}}, {"model": "item.item", "pk": 1, "fields": {"description": "ladrillos", "units": "Centímetros", "amount": 12, "unit_value": "190000.00"}}, {"model": "item.item", "pk": 2, "fields": {"description": "Suministro, construcción e instalación de cerramiento malla plástica con orificios cuadrados de 1\" para evitar el alojamiento de aves, incluye refuerzo en tubo y platina ", "units": "Metros cuadrados (m2)", "amount": 83, "unit_value": "75800.00"}}, {"model": "item.item", "pk": 3, "fields": {"description": "Suministro, construcción e instalación de cerramiento malla plástica con orificios cuadrados de 1\" para evitar el alojamiento de aves, incluye refuerzo en tubo y platina ", "units": "Metros cuadrados (m2)", "amount": 83, "unit_value": "7800.00"}}, {"model": "item.item", "pk": 4, "fields": {"description": "asas", "units": "Centímetros", "amount": 12, "unit_value": "1270000.00"}}, {"model": "item.item", "pk": 5, "fields": {"description": "\nSuministro, construcción e instalación de cerramiento malla plástica con orificios cuadrados de 1\" para evitar el alojamiento de aves, incluye refuerzo en tubo y platina ", "units": "Metros cuadrados (m2)", "amount": 83, "unit_value": "75800.00"}}, {"model": "item.item", "pk": 6, "fields": {"description": "Suministro, construcción e instalación de cerramiento malla plástica con orificios cuadrados de 1\" para evitar el alojamiento de aves, incluye refuerzo en tubo y platina ", "units": "Metros cuadrados (m2)", "amount": 83, "unit_value": "75800.00"}}, {"model": "item.item", "pk": 7, "fields": {"description": "Suministro, construcción e instalación de cerramiento malla plástica con orificios cuadrados de 1'' para evitar el alojamiento de aves, incluye refuerzo en tubo y platina.", "units": "Centímetros cuadrados (cm2)", "amount": 86, "unit_value": "234234.00"}}, {"model": "item.item", "pk": 8, "fields": {"description": "Suministro, construcción de cerramiento malla plastica con orificios cuadrados de 1\" para evitar alojamiento de aves, incluye refuerzo en tubo y platina", "units": "Metros cuadrados (m2)", "amount": 83, "unit_value": "75800.00"}}, {"model": "item.item", "pk": 9, "fields": {"description": "Suministro, construcción e instalación de cerramiento malla plástica con orificios cuadrados de 1'' para evitar el alojamiento de aves, incluye refuerzo en tubo y platina.", "units": "Milímetros", "amount": 83, "unit_value": "75800.00"}}, {"model": "item.item", "pk": 10, "fields": {"description": "Suministro, construcción e instalación de cerramiento malla plástica con orificios cuadrados de 1\" para evitar el alojamiento de aves, incluye refuerzo en tubo y platina", "units": "Metros cuadrados (m2)", "amount": 83, "unit_value": "75800.00"}}, {"model": "item.item", "pk": 11, "fields": {"description": "Suministro, construcción e instalación de cerramiento malla plástica con orificios cuadrados de 1\" para evitar el alojamiento de aves, incluye refuerzo de tubo y platina.", "units": "Metros cuadrados (m2)", "amount": 83, "unit_value": "75800.00"}}, {"model": "item.item", "pk": 12, "fields": {"description": "Suministro, construcción e instalación de cerramiento malla plástica con orificios cuadrados de 1\" para evitar el alojamiento de aves, incluye refuerzo de tubo y platina.", "units": "Metros cuadrados (m2)", "amount": 83, "unit_value": "75800.00"}}, {"model": "item.item", "pk": 13, "fields": {"description": "Suministro, construcción e instalación de cerramiento malla plástica con orificios cuadrados de 1\" para evitar el alojamiento de aves, incluye refuerzo de tubo y platina.", "units": "Metros cuadrados (m2)", "amount": 83, "unit_value": "75800.00"}}, {"model": "item.item", "pk": 14, "fields": {"description": "Suministro, construcción e instalación de cerramiento malla plástica con orificios cuadrados de 1\" para evitar el alojamiento de aves, incluye refuerzo de tubo y platina.", "units": "Metros cuadrados (m2)", "amount": 83, "unit_value": "75800.00"}}, {"model": "item.item", "pk": 15, "fields": {"description": "Suministro, construcción e instalación de cerramiento malla plástica con orificios cuadrados de 1\" para evitar el alojamiento de aves, incluye refuerzo de tubo y platina.", "units": "Metros cuadrados (m2)", "amount": 83, "unit_value": "75800.00"}}, {"model": "item.item", "pk": 16, "fields": {"description": "Suministro, construcción e instalación de cerramiento malla plástica con orificios cuadrados de 1\" para evitar el alojamiento de aves, incluye refuerzo en tubo y platina ", "units": "Metros cuadrados (m2)", "amount": 83, "unit_value": "75800.00"}}, {"model": "item.item", "pk": 17, "fields": {"description": "Suministro, construcción e instalación de cerramiento malla plástica con orificios cuadrados de 1\" para evitar el alojamiento de aves, incluye refuerzo en tubo y platina ", "units": "Metros cuadrados (m2)", "amount": 83, "unit_value": "75800.00"}}, {"model": "item.item", "pk": 18, "fields": {"description": "Suministro, construcción e instalación de cerramiento malla plástica con orificios cuadrados de 1\" para evitar el alojamiento de aves, incluye refuerzo en tubo y platina ", "units": "Metros cuadrados (m2)", "amount": 83, "unit_value": "75800.00"}}, {"model": "item.item", "pk": 19, "fields": {"description": "Suministro, construcción e instalación de cerramiento malla plástica con orificios cuadrados de 1\" para evitar el alojamiento de aves, incluye refuerzo en tubo y platina ", "units": "Metros cuadrados (m2)", "amount": 83, "unit_value": "75800.00"}}, {"model": "item.item", "pk": 20, "fields": {"description": "Suministro, construcción e instalación de cerramiento malla plástica con orificios cuadrados de 1\" para evitar el alojamiento de aves, incluye refuerzo en tubo y platina ", "units": "Metros cuadrados (m2)", "amount": 83, "unit_value": "75800.00"}}, {"model": "item.item", "pk": 21, "fields": {"description": "Suministro, construcción e instalación de cerramiento malla plástica con orificios cuadrados de 1\" para evitar el alojamiento de aves, incluye refuerzo en tubo y platina ", "units": "Metros cuadrados (m2)", "amount": 83, "unit_value": "75800.00"}}, {"model": "item.item", "pk": 22, "fields": {"description": "Suministro, construcción e instalación de cerramiento malla plástica con orificios cuadrados de 1\" para evitar el alojamiento de aves, incluye refuerzo en tubo y platina ", "units": "Metros cuadrados (m2)", "amount": 83, "unit_value": "75800.00"}}, {"model": "item.item", "pk": 23, "fields": {"description": "Suministro, construcción e instalación de cerramiento malla plástica con orificios cuadrados de 1\" para evitar el alojamiento de aves, incluye refuerzo en tubo y platina ", "units": "Metros cuadrados (m2)", "amount": 83, "unit_value": "75800.00"}}, {"model": "item.item", "pk": 24, "fields": {"description": "Suministro, construcción e instalación de cerramiento malla plástica con orificios cuadrados de 1\" para evitar el alojamiento de aves, incluye refuerzo en tubo y platina ", "units": "Metros cuadrados (m2)", "amount": 83, "unit_value": "75800.00"}}, {"model": "item.item", "pk": 25, "fields": {"description": "Suministro, construcción e instalación de cerramiento malla plástica con orificios cuadrados de 1\" para evitar el alojamiento de aves, incluye refuerzo en tubo y platina ", "units": "Metros cuadrados (m2)", "amount": 83, "unit_value": "75800.00"}}, {"model": "item.item", "pk": 26, "fields": {"description": "Suministro, construcción e instalación de cerramiento malla plástica con orificios cuadrados de 1\" para evitar el alojamiento de aves, incluye refuerzo en tubo y platina ", "units": "Metros cuadrados (m2)", "amount": 83, "unit_value": "75800.00"}}, {"model": "item.item", "pk": 27, "fields": {"description": "Suministro, construcción e instalación de cerramiento malla plástica con orificios cuadrados de 1\" para evitar el alojamiento de aves, incluye refuerzo en tubo y platina ", "units": "Metros cuadrados (m2)", "amount": 83, "unit_value": "75800.00"}}, {"model": "item.item", "pk": 28, "fields": {"description": "Suministro, construcción e instalación de cerramiento malla plástica con orificios cuadrados de 1\" para evitar el alojamiento de aves, incluye refuerzo en tubo y platina ", "units": "Metros cuadrados (m2)", "amount": 83, "unit_value": "75800.00"}}, {"model": "item.item", "pk": 29, "fields": {"description": "Suministro, construcción e instalación de cerramiento malla plástica con orificios cuadrados de 1\" para evitar el alojamiento de aves, incluye refuerzo en tubo y platina ", "units": "Metros cuadrados (m2)", "amount": 83, "unit_value": "75800.00"}}, {"model": "item.item", "pk": 30, "fields": {"description": "Suministro, construcción e instalación de cerramiento malla plástica con orificios cuadrados de 1\" para evitar el alojamiento de aves, incluye refuerzo en tubo y platina ", "units": "Metros cuadrados (m2)", "amount": 83, "unit_value": "75800.00"}}, {"model": "item.item", "pk": 31, "fields": {"description": "test", "units": "Centímetros", "amount": 12, "unit_value": "2222.00"}}, {"model": "item.item", "pk": 32, "fields": {"description": "a", "units": "Kilómetros", "amount": 12, "unit_value": "10000.00"}}, {"model": "item.item", "pk": 33, "fields": {"description": "Descripcion de prueba", "units": "Metros cuadrados (m2)", "amount": 83, "unit_value": "85700.00"}}, {"model": "item.item", "pk": 34, "fields": {"description": "item 1", "units": "Metros cuadrados (m2)", "amount": 15, "unit_value": "76000.00"}}, {"model": "item.item", "pk": 35, "fields": {"description": "prueba", "units": "Kilómetros", "amount": 12, "unit_value": "190000.00"}}, {"model": "item.item", "pk": 36, "fields": {"description": "prueba", "units": "Metros", "amount": 12, "unit_value": "12000.00"}}, {"model": "item.item", "pk": 37, "fields": {"description": "Suministro, construcción e instalación de cerramiento malla plástica con orificios cuadrados de 1\" para evitar el alojamiento de aves, incluye refuerzo en tubo y platina ", "units": "Metros cuadrados (m2)", "amount": 83, "unit_value": "75800.00"}}, {"model": "item.item", "pk": 38, "fields": {"description": "Suministro, construcción e instalación de cerramiento malla plástica con orificios cuadrados de 1\" para evitar el alojamiento de aves", "units": "Metros cuadrados (m2)", "amount": 83, "unit_value": "75800.00"}}, {"model": "item.item", "pk": 39, "fields": {"description": "Suministro, construcción e instalación de cerramiento malla plástica con orificios cuadrados de 1\"", "units": "Metros cuadrados (m2)", "amount": 83, "unit_value": "75800.00"}}, {"model": "item.item", "pk": 40, "fields": {"description": "Suministro, construcción e instalación de cerramiento", "units": "Metros cuadrados (m2)", "amount": 83, "unit_value": "75800.00"}}, {"model": "item.item", "pk": 41, "fields": {"description": "Suministro, construcción e instalación de cerramiento malla plástica con orificios cuadrados de 1\" para evitar el alojamiento de aves, incluye refuerzo en tubo y platina", "units": "Metros cuadrados (m2)", "amount": 84, "unit_value": "75800.00"}}, {"model": "item.item", "pk": 42, "fields": {"description": "descripcion item 1", "units": "Metros", "amount": 5, "unit_value": "10000.00"}}, {"model": "item.item", "pk": 43, "fields": {"description": "f", "units": "Milímetros", "amount": 12, "unit_value": "12000.00"}}, {"model": "item.item", "pk": 44, "fields": {"description": "FABRICACIÓN DE BASE PARA MOTOR HORNO EXTERNO #1", "units": "Unidades", "amount": 1, "unit_value": "490000.00"}}, {"model": "item.item", "pk": 45, "fields": {"description": "LIMPIEZA DE PAILAS 18/12/2024 15UND / 19/12/2024 18UND / 20/12/2024 18UND.", "units": "Unidades", "amount": 51, "unit_value": "6000.00"}}, {"model": "item.item", "pk": 46, "fields": {"description": "SOPORTES PARA REJILLA ELÉCTRICA HORNOS EXTERNOS ", "units": "Unidades", "amount": 1, "unit_value": "128000.00"}}, {"model": "item.item", "pk": 47, "fields": {"description": "FABRICACIÓN DE BASE TABLERO HORNOS EXTERNO", "units": "Unidades", "amount": 1, "unit_value": "380000.00"}}, {"model": "item.item", "pk": 48, "fields": {"description": "ARREGLO LOCATIVO BANDEJA ELÉCTRICA DE VERTICAL, CONSTRUCCIÓN Y CAMBIO DE TRAMO PARA GANAR ALTURA ", "units": "Unidades", "amount": 1, "unit_value": "875000.00"}}, {"model": "item.item", "pk": 49, "fields": {"description": "FABRICACIÓN DE BASE PARA MOTOR HORNO EXTERNO #3 ", "units": "Unidades", "amount": 1, "unit_value": "780000.00"}}, {"model": "item.item", "pk": 50, "fields": {"description": "Mantenimiento general a jardines trabajo consistente en corte de césped, podar cerramiento vivo (swinglea), ", "units": "Unidades", "amount": 1, "unit_value": "2520000.00"}}, {"model": "item.item", "pk": 51, "fields": {"description": "Aplicación de pintura a dos manos a cerramiento perimetral de 2,5m de altura, trabajo consistente en asegurar partes sueltas, lijado y aplicación de anticorrosivo en partes que lo requiera por ultimo aplicación de dos manos de esmalte para exteriores ", "units": "Metros", "amount": 407, "unit_value": "68000.00"}}, {"model": "item.item", "pk": 52, "fields": {"description": "Suministro, construcción y montaje de baranda metálica sencilla en tubo de 2\" y eles en varilla lisa de 3/8\", platina y chazos de anclaje, pintura anticorrosiva y acabado final  ", "units": "Metros", "amount": 7, "unit_value": "47500.00"}}, {"model": "item.item", "pk": 53, "fields": {"description": "Suministro, construcción e instalación de \npuerta estructura metálica de vaivén según \nplano a dos naves incluye gato eléctrico \npara apertura remota marca DITEC ", "units": "Unidades", "amount": 2, "unit_value": "8280000.00"}}, {"model": "item.item", "pk": 54, "fields": {"description": "Suministro, construcción y montaje de \ncerramiento perimetral según plano en \ntubo rectangular de 3 x 1 1/2\" cal 14 AC, \ntubo rectangular de 4 x 1 1/2\" cal 14 y \nplantina de anclaje de 1/4\" x 4\" incluye \npintura anticorrosiva y acabado frado \nintemperie ", "units": "Milímetros", "amount": 89, "unit_value": "218000.00"}}, {"model": "Delivery_certificate.delivery_certificate", "pk": 3, "fields": {"work_order": 2, "date": "2025-07-05", "observations": "•\tLos trabajos se ejecutaron cumpliendo con los estándares establecidos para zonas de producción y manipulación de alimentos. •\tLas superficies intervenidas presentan un acabado uniforme y cumplen con los requerimientos funcionales y sanitarios establecidos por la empresa.", "recommendations": "•\tRealizar mantenimiento preventivo periódico para conservar las condiciones logradas. •\tEvaluar aplicar una segunda mano de pintura en zonas de alto tráfico o exposición para prolongar la vida útil del acabado.", "description": "Adecuaciones locativas en Planta #2 (estuco y pintura)", "development": "1. OBJETIVO\nEjecutar adecuaciones locativas en Planta #2, garantizando condiciones óptimas de limpieza, conservación y funcionalidad, mediante procesos de lavado, resane, pintura y aplicación de productos especializados según requerimientos de cada área.\n\n2. ALCANCE DE LOS TRABAJOS\n2.1 Área Soya\n•\tLimpieza e hidrolavado de pares y cubierta.\n•\tResane, lijado y preparación de superficies.\n•\tAplicación de pintura vinilo a una (1) mano.\n•\tAplicación de pintura alta asepsia a una (1) mano para garantizar condiciones sanitarias.\n•\tEn la parte baja del área de soya se aplicó:\no\tPintura tipo Agua Block (impermeabilizante).\no\tPintura epóxica en media caña, para facilitar limpieza y cumplir con estándares de sanidad.\n2.2 Otras áreas intervenidas\n•\tDuplex\n•\tPasillo\n•\tDoble Campana \n•\tEmbalaje\nEn estas áreas se realizaron labores similares de:\n•\tLimpieza general.\n•\tReparaciones locativas (resane y lijado).\n•\tAplicación de pintura según especificaciones del área (vinilo o alta asepsia, de acuerdo al uso del espacio).\n", "exhibit": [19, 20, 21, 22]}}, {"model": "Delivery_certificate.delivery_certificate", "pk": 4, "fields": {"work_order": 3, "date": "2025-07-05", "observations": "el trabajo se realizo bajo la norma actme", "recommendations": "Aplicar pintura cada 6 meses", "description": "EJECUCIÓN DE ÓRDENES DE TRABAJO # 8753, 8754, 8755, 8756, 8757", "development": "Se realizo el desmonte de estructura, la cual se encontraba en mal estado, se pre-alisto estructura nueva\n\nse realizo aplicación de soldadura bajo el procedimiento smaw Electrodo revestido  ", "exhibit": [23, 24, 25]}}, {"model": "exhibit.exhibit", "pk": 7, "fields": {"tittle": "DOBLE CAMPANA", "images": ["https://res.cloudinary.com/dp4tvthea/image/upload/v1751698376/afhimages/glolo4mvnssykx28xixu.jpg", "https://res.cloudinary.com/dp4tvthea/image/upload/v1751698377/afhimages/aqfuoro7ecxz53huugzk.jpg", "https://res.cloudinary.com/dp4tvthea/image/upload/v1751698377/afhimages/bfjr1qeuaajaqv4ucn2e.jpg"]}}, {"model": "exhibit.exhibit", "pk": 8, "fields": {"tittle": "DUPLEX", "images": ["https://res.cloudinary.com/dp4tvthea/image/upload/v1751698378/afhimages/zdt58fmqhva1ehte0ggy.jpg", "https://res.cloudinary.com/dp4tvthea/image/upload/v1751698379/afhimages/afpq5wk3fcr299ex3k8c.jpg", "https://res.cloudinary.com/dp4tvthea/image/upload/v1751698379/afhimages/ngfek99xexgsayldwx3h.jpg", "https://res.cloudinary.com/dp4tvthea/image/upload/v1751698380/afhimages/dl0saoiyll8ioxfhzotz.jpg", "https://res.cloudinary.com/dp4tvthea/image/upload/v1751698380/afhimages/mviib925lrqbey4k6o8f.jpg"]}}, {"model": "exhibit.exhibit", "pk": 9, "fields": {"tittle": "EMBALAJE", "images": ["https://res.cloudinary.com/dp4tvthea/image/upload/v1751698381/afhimages/rgwkcr0l7gzifwiy1u1v.jpg", "https://res.cloudinary.com/dp4tvthea/image/upload/v1751698382/afhimages/h3pzwwnk8eqjegko63ep.jpg", "https://res.cloudinary.com/dp4tvthea/image/upload/v1751698382/afhimages/wbrbgxf8drbvjgodwx27.jpg", "https://res.cloudinary.com/dp4tvthea/image/upload/v1751698383/afhimages/nawgj72li1spsokrn7l5.jpg", "https://res.cloudinary.com/dp4tvthea/image/upload/v1751698383/afhimages/xbd12m41v6sgxzbt7wba.jpg"]}}, {"model": "exhibit.exhibit", "pk": 10, "fields": {"tittle": "SOYA", "images": ["https://res.cloudinary.com/dp4tvthea/image/upload/v1751698384/afhimages/qmfqhzxsgfglbcueaa3d.jpg", "https://res.cloudinary.com/dp4tvthea/image/upload/v1751698384/afhimages/uciwgdmwlpjrsprmt7um.jpg", "https://res.cloudinary.com/dp4tvthea/image/upload/v1751698385/afhimages/rzbssxztwzwbmmmwxpfh.jpg", "https://res.cloudinary.com/dp4tvthea/image/upload/v1751698386/afhimages/o4traahrmaagjkttdxaa.jpg", "https://res.cloudinary.com/dp4tvthea/image/upload/v1751698386/afhimages/tk7a2rumye6t0lnph8s3.jpg", "https://res.cloudinary.com/dp4tvthea/image/upload/v1751698386/afhimages/di0s3hzrdd5bqaedbyhi.jpg", "https://res.cloudinary.com/dp4tvthea/image/upload/v1751698387/afhimages/cgwsz1j71flb7yobvnig.jpg", "https://res.cloudinary.com/dp4tvthea/image/upload/v1751698387/afhimages/pulhchevdfl2hjnndvfm.jpg", "https://res.cloudinary.com/dp4tvthea/image/upload/v1751698388/afhimages/x03tg6qwcsuy3hwxv5vb.jpg", "https://res.cloudinary.com/dp4tvthea/image/upload/v1751698388/afhimages/of61yr115rdn3c5wz1zr.jpg"]}}, {"model": "exhibit.exhibit", "pk": 11, "fields": {"tittle": "DOBLE CAMPANA", "images": ["https://res.cloudinary.com/dp4tvthea/image/upload/v1751698458/afhimages/lrjdolutya017btdlk1s.jpg", "https://res.cloudinary.com/dp4tvthea/image/upload/v1751698458/afhimages/w6dx3zu1dvm4ayyd3jno.jpg", "https://res.cloudinary.com/dp4tvthea/image/upload/v1751698459/afhimages/lvy391polslri0nemtqy.jpg"]}}, {"model": "exhibit.exhibit", "pk": 12, "fields": {"tittle": "DUPLEX", "images": ["https://res.cloudinary.com/dp4tvthea/image/upload/v1751698460/afhimages/dja5qmsrdd50unmnzjui.jpg", "https://res.cloudinary.com/dp4tvthea/image/upload/v1751698460/afhimages/jlase2j3ff5ewbzudhtx.jpg", "https://res.cloudinary.com/dp4tvthea/image/upload/v1751698461/afhimages/ii273odggyu1x1vh1vxj.jpg", "https://res.cloudinary.com/dp4tvthea/image/upload/v1751698461/afhimages/ap5ysritoewcqrypg8wb.jpg", "https://res.cloudinary.com/dp4tvthea/image/upload/v1751698462/afhimages/pqgbytupdjqdj8x5ezcu.jpg"]}}, {"model": "exhibit.exhibit", "pk": 13, "fields": {"tittle": "EMBALAJE", "images": ["https://res.cloudinary.com/dp4tvthea/image/upload/v1751698463/afhimages/t3msqbpw0cjihl1rychg.jpg", "https://res.cloudinary.com/dp4tvthea/image/upload/v1751698463/afhimages/rbpmqronl8zqdhediawn.jpg", "https://res.cloudinary.com/dp4tvthea/image/upload/v1751698464/afhimages/lezirzjclnojnxl2vump.jpg", "https://res.cloudinary.com/dp4tvthea/image/upload/v1751698464/afhimages/gujrha0ilggyy8hjf9sd.jpg", "https://res.cloudinary.com/dp4tvthea/image/upload/v1751698465/afhimages/sopa2xvj8odekjjkxsbh.jpg"]}}, {"model": "exhibit.exhibit", "pk": 14, "fields": {"tittle": "SOYA", "images": ["https://res.cloudinary.com/dp4tvthea/image/upload/v1751698466/afhimages/qfhfsnbrneqtehsjatrz.jpg", "https://res.cloudinary.com/dp4tvthea/image/upload/v1751698467/afhimages/wm7wmcmge3okvojxj1t3.jpg", "https://res.cloudinary.com/dp4tvthea/image/upload/v1751698467/afhimages/om191sfkycwfaqntodj8.jpg", "https://res.cloudinary.com/dp4tvthea/image/upload/v1751698468/afhimages/wuemsaizyyoykaph8vqi.jpg", "https://res.cloudinary.com/dp4tvthea/image/upload/v1751698468/afhimages/hcvkgxgmlrcbcwdniifg.jpg", "https://res.cloudinary.com/dp4tvthea/image/upload/v1751698469/afhimages/bjyrhrprknsb3hsxthku.jpg", "https://res.cloudinary.com/dp4tvthea/image/upload/v1751698469/afhimages/aknthiwipmikcntssgoy.jpg", "https://res.cloudinary.com/dp4tvthea/image/upload/v1751698470/afhimages/i2zdbsfubfgxmkiaohca.jpg", "https://res.cloudinary.com/dp4tvthea/image/upload/v1751698470/afhimages/qea5iam4ouib7x8jweo0.jpg", "https://res.cloudinary.com/dp4tvthea/image/upload/v1751698471/afhimages/yhlrlu0xv5tpvthygbu9.jpg"]}}, {"model": "exhibit.exhibit", "pk": 15, "fields": {"tittle": "DOBLE CAMPANA", "images": ["https://res.cloudinary.com/dp4tvthea/image/upload/v1751698693/afhimages/rasebmvszq73uaw1uqvk.jpg", "https://res.cloudinary.com/dp4tvthea/image/upload/v1751698693/afhimages/rmepekhvxsirwmwkuean.jpg", "https://res.cloudinary.com/dp4tvthea/image/upload/v1751698694/afhimages/ljw1djjlmm9vt5i1qxb8.jpg"]}}, {"model": "exhibit.exhibit", "pk": 16, "fields": {"tittle": "DUPLEX", "images": ["https://res.cloudinary.com/dp4tvthea/image/upload/v1751698695/afhimages/nooocvf7dvbbqss51n06.jpg", "https://res.cloudinary.com/dp4tvthea/image/upload/v1751698695/afhimages/uztujdhm9k7c4qfdxuw8.jpg", "https://res.cloudinary.com/dp4tvthea/image/upload/v1751698696/afhimages/do9lyggjmm66bb9d3xwb.jpg", "https://res.cloudinary.com/dp4tvthea/image/upload/v1751698696/afhimages/jripfycivggabm2an59c.jpg", "https://res.cloudinary.com/dp4tvthea/image/upload/v1751698697/afhimages/kgu4s20rufqybtqxjsgk.jpg"]}}, {"model": "exhibit.exhibit", "pk": 17, "fields": {"tittle": "EMBALAJE", "images": ["https://res.cloudinary.com/dp4tvthea/image/upload/v1751698697/afhimages/jjkbkl0mnmkp6sxcftv9.jpg", "https://res.cloudinary.com/dp4tvthea/image/upload/v1751698698/afhimages/qwjhvnxtgzg4clmdtdyr.jpg", "https://res.cloudinary.com/dp4tvthea/image/upload/v1751698698/afhimages/txvayajbrvlra706muxz.jpg", "https://res.cloudinary.com/dp4tvthea/image/upload/v1751698699/afhimages/fqnlynwa0xij1klfaqbx.jpg", "https://res.cloudinary.com/dp4tvthea/image/upload/v1751698699/afhimages/kvjatapsxrmzpbnznzog.jpg"]}}, {"model": "exhibit.exhibit", "pk": 18, "fields": {"tittle": "SOYA", "images": ["https://res.cloudinary.com/dp4tvthea/image/upload/v1751698700/afhimages/pj26grpb3n9fut0nxsdl.jpg", "https://res.cloudinary.com/dp4tvthea/image/upload/v1751698701/afhimages/wtwmyqwezvnibc8wlrxf.jpg", "https://res.cloudinary.com/dp4tvthea/image/upload/v1751698702/afhimages/lvcmqxupapqdrtwjw3uj.jpg", "https://res.cloudinary.com/dp4tvthea/image/upload/v1751698702/afhimages/jyjjoqgugnvdr3kko7uz.jpg", "https://res.cloudinary.com/dp4tvthea/image/upload/v1751698703/afhimages/buuxexgwvfkqohxhvtf9.jpg", "https://res.cloudinary.com/dp4tvthea/image/upload/v1751698703/afhimages/fxkpdd9tmdaybksnfqip.jpg", "https://res.cloudinary.com/dp4tvthea/image/upload/v1751698704/afhimages/fgzoeypednxoncdvjkos.jpg", "https://res.cloudinary.com/dp4tvthea/image/upload/v1751698704/afhimages/jwbcsjhcbgbdeuggnqef.jpg", "https://res.cloudinary.com/dp4tvthea/image/upload/v1751698705/afhimages/kntugxv4lx5938armwqc.jpg", "https://res.cloudinary.com/dp4tvthea/image/upload/v1751698705/afhimages/ib0bvhfium2pgdlmuvkh.jpg"]}}, {"model": "exhibit.exhibit", "pk": 19, "fields": {"tittle": "DOBLE CAMPANA", "images": ["https://res.cloudinary.com/dp4tvthea/image/upload/v1751698794/afhimages/wzty3z76uu6kgdfotm6a.jpg", "https://res.cloudinary.com/dp4tvthea/image/upload/v1751698794/afhimages/l7hemfdpku3pdnomq0v6.jpg", "https://res.cloudinary.com/dp4tvthea/image/upload/v1751698795/afhimages/bzbbnmcccknxsn9zf032.jpg"]}}, {"model": "exhibit.exhibit", "pk": 20, "fields": {"tittle": "EMBALAJE", "images": ["https://res.cloudinary.com/dp4tvthea/image/upload/v1751698796/afhimages/cli3aqeu4q3hjxyshiud.jpg", "https://res.cloudinary.com/dp4tvthea/image/upload/v1751698796/afhimages/wk2xgudjeyyjocrz9ytw.jpg", "https://res.cloudinary.com/dp4tvthea/image/upload/v1751698797/afhimages/genqenh3r1nwqaxgopl6.jpg", "https://res.cloudinary.com/dp4tvthea/image/upload/v1751698797/afhimages/fuab7uvaquvrauybjxth.jpg", "https://res.cloudinary.com/dp4tvthea/image/upload/v1751698798/afhimages/sndlg02axfgxcju3agc7.jpg"]}}, {"model": "exhibit.exhibit", "pk": 21, "fields": {"tittle": "DUPLEX", "images": ["https://res.cloudinary.com/dp4tvthea/image/upload/v1751698799/afhimages/q2rgwerxakgnvs42mgxr.jpg", "https://res.cloudinary.com/dp4tvthea/image/upload/v1751698799/afhimages/fux2gaoge7ez3kzlfrw4.jpg", "https://res.cloudinary.com/dp4tvthea/image/upload/v1751698800/afhimages/wcc3g9pp70jnjz6flkef.jpg", "https://res.cloudinary.com/dp4tvthea/image/upload/v1751698800/afhimages/fuua11fuhrw6rm4qet0n.jpg", "https://res.cloudinary.com/dp4tvthea/image/upload/v1751698801/afhimages/egpzejcsj8vyukwdz3vd.jpg"]}}, {"model": "exhibit.exhibit", "pk": 22, "fields": {"tittle": "SOYA", "images": ["https://res.cloudinary.com/dp4tvthea/image/upload/v1751698801/afhimages/tqusjnflwm55afmyxfnf.jpg", "https://res.cloudinary.com/dp4tvthea/image/upload/v1751698802/afhimages/rqxcwnljysysff9ijdte.jpg", "https://res.cloudinary.com/dp4tvthea/image/upload/v1751698802/afhimages/kwajg6thmip6m2kcv58r.jpg", "https://res.cloudinary.com/dp4tvthea/image/upload/v1751698803/afhimages/u3nendbqjffnj3mztgpj.jpg", "https://res.cloudinary.com/dp4tvthea/image/upload/v1751698803/afhimages/hoqegi783ffdhr0kxegr.jpg", "https://res.cloudinary.com/dp4tvthea/image/upload/v1751698804/afhimages/twcv498rnc1eknoygnte.jpg", "https://res.cloudinary.com/dp4tvthea/image/upload/v1751698804/afhimages/etk6jhghsceisi5wvxhe.jpg", "https://res.cloudinary.com/dp4tvthea/image/upload/v1751698805/afhimages/hsjaoqxe1tpnbpcwwf4a.jpg", "https://res.cloudinary.com/dp4tvthea/image/upload/v1751698805/afhimages/fdoavyctmzqcxzxadekm.jpg", "https://res.cloudinary.com/dp4tvthea/image/upload/v1751698806/afhimages/bbengbezrcjmvkamgl5h.jpg"]}}, {"model": "exhibit.exhibit", "pk": 23, "fields": {"tittle": "ALISTAMIENTO", "images": ["https://res.cloudinary.com/dp4tvthea/image/upload/v1751758669/afhimages/kbatjwxiv5rjzxsnog2u.jpg", "https://res.cloudinary.com/dp4tvthea/image/upload/v1751758670/afhimages/xcqi37hrr7hunm3vhtrc.jpg", "https://res.cloudinary.com/dp4tvthea/image/upload/v1751758670/afhimages/adno9t21qcnlbd4n6x2g.jpg", "https://res.cloudinary.com/dp4tvthea/image/upload/v1751758671/afhimages/xfrqcobaqedn2currnzq.jpg", "https://res.cloudinary.com/dp4tvthea/image/upload/v1751758671/afhimages/wxof2iuaji9bvhjotd8m.jpg"]}}, {"model": "exhibit.exhibit", "pk": 24, "fields": {"tittle": "ORDEN Y LIMPIEZA", "images": ["https://res.cloudinary.com/dp4tvthea/image/upload/v1751758672/afhimages/trr7pn8jxjxaijhpa9tm.jpg", "https://res.cloudinary.com/dp4tvthea/image/upload/v1751758673/afhimages/uovtxgndadxkgjjakobb.jpg", "https://res.cloudinary.com/dp4tvthea/image/upload/v1751758673/afhimages/mridarhhx06xzhxphe9i.jpg", "https://res.cloudinary.com/dp4tvthea/image/upload/v1751758674/afhimages/udpocolpmktiryunvumd.jpg", "https://res.cloudinary.com/dp4tvthea/image/upload/v1751758675/afhimages/ad3zs736jswcwi17coz4.jpg", "https://res.cloudinary.com/dp4tvthea/image/upload/v1751758675/afhimages/wjjpufhs3mxeoqevkfn2.jpg", "https://res.cloudinary.com/dp4tvthea/image/upload/v1751758676/afhimages/ainkymz9tzowd6p2qsmf.jpg", "https://res.cloudinary.com/dp4tvthea/image/upload/v1751758677/afhimages/yoyjrjrgf1dmllj9hdwu.jpg", "https://res.cloudinary.com/dp4tvthea/image/upload/v1751758677/afhimages/cx1hdcen6ze0lssdrxn8.jpg"]}}, {"model": "exhibit.exhibit", "pk": 25, "fields": {"tittle": "MONTAJE ", "images": ["https://res.cloudinary.com/dp4tvthea/image/upload/v1751758679/afhimages/k8hnbu6yafxpqtbijl2d.jpg", "https://res.cloudinary.com/dp4tvthea/image/upload/v1751758679/afhimages/anvvrsbp97ggmurcnb0v.jpg", "https://res.cloudinary.com/dp4tvthea/image/upload/v1751758680/afhimages/ff86qffkpen95euzlhrt.jpg", "https://res.cloudinary.com/dp4tvthea/image/upload/v1751758680/afhimages/jtpldsvik39epq40kopn.jpg", "https://res.cloudinary.com/dp4tvthea/image/upload/v1751758681/afhimages/z7qvtyztacs5fdwklmwh.jpg"]}}]